-- phpMyAdmin SQL Dump
-- version 4.0.10deb1
-- http://www.phpmyadmin.net
--
-- Host: localhost
-- Generation Time: Jun 09, 2015 at 09:18 AM
-- Server version: 5.5.43-0ubuntu0.14.04.1
-- PHP Version: 5.5.9-1ubuntu4.9

SET SQL_MODE = "NO_AUTO_VALUE_ON_ZERO";
SET time_zone = "+00:00";


/*!40101 SET @OLD_CHARACTER_SET_CLIENT=@@CHARACTER_SET_CLIENT */;
/*!40101 SET @OLD_CHARACTER_SET_RESULTS=@@CHARACTER_SET_RESULTS */;
/*!40101 SET @OLD_COLLATION_CONNECTION=@@COLLATION_CONNECTION */;
/*!40101 SET NAMES utf8 */;

--
-- Database: `db_stage`
--

-- --------------------------------------------------------

--
-- Table structure for table `aziende`
--

CREATE TABLE IF NOT EXISTS `aziende` (
  `id` int(10) unsigned NOT NULL AUTO_INCREMENT,
  `pIva` varchar(255) COLLATE utf8_unicode_ci NOT NULL,
  `CFA` varchar(255) COLLATE utf8_unicode_ci DEFAULT NULL,
  `denominazione` varchar(255) COLLATE utf8_unicode_ci DEFAULT NULL,
  `associazione` varchar(255) COLLATE utf8_unicode_ci DEFAULT NULL,
  `settore` varchar(255) COLLATE utf8_unicode_ci DEFAULT NULL,
  `sedeLegale` varchar(255) COLLATE utf8_unicode_ci DEFAULT NULL,
  `citta` varchar(255) COLLATE utf8_unicode_ci DEFAULT NULL,
  `cap` varchar(255) COLLATE utf8_unicode_ci DEFAULT NULL,
  `telefono` varchar(255) COLLATE utf8_unicode_ci DEFAULT NULL,
  `email` varchar(255) COLLATE utf8_unicode_ci DEFAULT NULL,
  `indirizzoSedeTirocinio` varchar(255) COLLATE utf8_unicode_ci DEFAULT NULL,
  `capSedeTirocinio` varchar(255) COLLATE utf8_unicode_ci DEFAULT NULL,
  `cittaSedeTirocinio` varchar(255) COLLATE utf8_unicode_ci DEFAULT NULL,
  `nomeRappresLegale` varchar(255) COLLATE utf8_unicode_ci DEFAULT NULL,
  `cognomeRappresLegale` varchar(255) COLLATE utf8_unicode_ci DEFAULT NULL,
  `CFRappresLegale` varchar(255) COLLATE utf8_unicode_ci DEFAULT NULL,
  `comuneNascitaRappresLegale` varchar(255) COLLATE utf8_unicode_ci DEFAULT NULL,
  `dataNascitaRappresLegale` varchar(255) COLLATE utf8_unicode_ci DEFAULT NULL,
  `nomeTutorAziend` varchar(255) COLLATE utf8_unicode_ci DEFAULT NULL,
  `cognomeTutorAziend` varchar(255) COLLATE utf8_unicode_ci DEFAULT NULL,
  `note` varchar(255) COLLATE utf8_unicode_ci DEFAULT NULL,
  `created_at` timestamp NOT NULL DEFAULT '0000-00-00 00:00:00',
  `updated_at` timestamp NOT NULL DEFAULT '0000-00-00 00:00:00',
  PRIMARY KEY (`id`)
) ENGINE=InnoDB  DEFAULT CHARSET=utf8 COLLATE=utf8_unicode_ci AUTO_INCREMENT=126 ;

--
-- Dumping data for table `aziende`
--

INSERT INTO `aziende` (`id`, `pIva`, `CFA`, `denominazione`, `associazione`, `settore`, `sedeLegale`, `citta`, `cap`, `telefono`, `email`, `indirizzoSedeTirocinio`, `capSedeTirocinio`, `cittaSedeTirocinio`, `nomeRappresLegale`, `cognomeRappresLegale`, `CFRappresLegale`, `comuneNascitaRappresLegale`, `dataNascitaRappresLegale`, `nomeTutorAziend`, `cognomeTutorAziend`, `note`, `created_at`, `updated_at`) VALUES
(1, '00307430132', NULL, 'ASSOCIAZIONE LA NOSTRA FAMIGLIA', 'ARIS SANITA''', 'SOCIO SANITARIA', 'VIA DON LUIGI MONZA  1', 'PONTE LAMBRO', NULL, '031877111', NULL, 'VIA DON LUIGI MONZA 20', NULL, 'BOSISIO PARINI', 'CARLA', 'ANDREOTTI', 'NDRCRL45559E507I', 'LECCO', '19/11/1945', 'UMBERTO', 'POZZOLI', NULL, '2015-05-29 05:54:20', '2015-05-29 05:54:20'),
(2, '01342660139', NULL, 'PARROCCHIA SANTA COSMA E DAMIANO', NULL, NULL, 'VIA SAN FRANCESCO 24', 'AIRUNO', NULL, '0399943159', NULL, 'VIA POSTALE VECCHIA', NULL, 'AIRUNO', 'DON ANTONIO', 'COGLIATI', 'CGLNTN40P16A686R', 'BARZANO''', '16/09/1940', 'DAMIANO', 'MEREGALLI', NULL, '2015-05-29 05:54:20', '2015-05-29 05:54:20'),
(3, '00121235013', NULL, 'REDAELLI RICAMBI SRL', 'API - LECCO', 'METALMECCANICO', 'VIA PROVINCIALE PER DOLZAGO 59', 'OGGIONO', NULL, '0341266911', NULL, NULL, NULL, NULL, 'PIETRO', 'REDAELLI', 'RDLPTR40D19GOO9X', 'OGGIONO', '19/04/1940', 'RUGGERO', 'REDAELLI', NULL, '2015-05-29 05:54:20', '2015-05-29 05:54:20'),
(4, '00664380136', NULL, 'ITA SPA', 'API', 'TRAFILATI ACCIAI', 'PIAZZA MAZZINI 13', 'LECCO', NULL, '0341634742', NULL, 'VIA LAGO VECCHIO 9/20', NULL, 'CALOLZIOCORTE', 'ANDREA', 'BERI', 'BRENDR75RI8E507R', 'LECCO', '18/10/1975', 'ANDREA', 'BERI', NULL, '2015-05-29 05:54:20', '2015-05-29 05:54:20'),
(5, '03131730131', NULL, 'STUDIO LEGALE AVV. GIUSEPPE RUSCONI & PATNERS', NULL, 'TERZIARIO STUDIO LEGALE', 'VIA BALICCO 61', 'LECCO', NULL, '0341284259', NULL, NULL, NULL, NULL, 'GIUSEPPE', 'RUSCONI', 'RSCGPP59P15L634C', 'VALMADRERA', '15/09/1959', 'GIUSEPPE', 'RUSCONI', NULL, '2015-05-29 05:54:20', '2015-05-29 05:54:20'),
(6, '02444660134', NULL, 'DOTT. FILIPPO RADAELLI', NULL, 'STUDI PROFESSIONALI - COMMERCIALISTA', 'VIA KENNEDY 4', 'OGGIONO', NULL, '0341263104', NULL, 'VIA BACHELET 13', NULL, 'OGGIONO', 'FILIPPO', 'RADAELLI', 'RDLFPP71B14E507W', 'LECCO', '14/02/1971', 'FILIPPO', 'RADAELLI', NULL, '2015-05-29 05:54:21', '2015-05-29 05:54:21'),
(7, '02933230165', NULL, 'NAV SYSTEM SRL', NULL, 'RIPARAZ MACCHINE PER UFFICIO INFO', 'VIA COMO 3', 'LONGONE AL SEGRINO', NULL, '0313355418', NULL, 'VIA PLINIO 12/14', NULL, 'ERBA', 'ANGELO', 'NAVONI', 'NVNNGL60M08F205T', 'MILANO', '08/08/1960', 'MIRCO', 'CALDERA', NULL, '2015-05-29 05:54:21', '2015-05-29 05:54:21'),
(8, '02220860130', NULL, 'EASYNET', 'CONFINDUSTRIA', 'INFORMATICA', 'CORSO PROMESSI SPOSI 25D', 'LECCO', NULL, '0341256911', NULL, NULL, NULL, NULL, 'GIORGIO', 'MISSAGLIA', 'MSSGRG58D105507C', 'LECCO', '10/04/1958', 'GIORGIO', 'MISSAGLIA', NULL, '2015-05-29 05:54:21', '2015-05-29 05:54:21'),
(9, '00201760139', '', 'LIMONTA SPA', '', 'TESSILE - CARTOTECNICO - GOMMA', 'VIA C. BATTISTI, 15', 'COSTA MASNAGA', '23845', '031857283', '', 'VIA C. BATTISTI, 15', '23845', 'COSTA MASNAGA', 'GIOVANNI BATTISTA', 'LIMONTA', 'LMNGNN29515D112U', 'COSTA MASNAGA', '11/15/1929', 'ITALO', 'COLOMBO', NULL, '2015-05-29 05:54:21', '2015-06-03 07:22:34'),
(10, '02085500136', NULL, 'MDG s.n.c.DI GADDI P. e C.', 'CONFINDUSTRIA', 'METALMECCANICO', 'VIA CISERINO 4/E', 'LIERNA', '23827', '0341710256', 'info@mdgitalia.eu', 'VIA CISERINO 4/E', '23827', 'LIERNA', 'PATRIZIO', 'GADDI', 'GDDPRZ65C28A745X', 'BELLANO', '28/03/1965', 'PATRIZIO', 'GADDI', NULL, '2015-05-29 05:54:21', '2015-05-29 05:54:21'),
(11, '03461320131', NULL, 'OFFICINA MECCANICA BM DI BARAGETTI MAURIZIO WALTER', NULL, 'METALMECCANICO', 'VIA PRIVATA MAGNI 1', 'OSNAGO', '23875', '03958076', 'gbaragetti@virgilio.it', 'VIA PRIVATA MAGNI 1', '23875', 'OSNAGO', 'MAURIZIO WALTER', 'BARAGETTI', 'BRGMZW54P28F704F', 'MONZA', '28/09/1954', 'GIOVANNI', 'BARAGETTI', NULL, '2015-05-29 05:54:21', '2015-05-29 05:54:21'),
(12, '00814480133', NULL, 'DEFREMM s.p.a.', 'CONFINDUSTRIA', 'METALMECCANICO', 'VIA BOITO 6', 'LECCO', '23900', '0341251410', 'm.motisi@defremm.it', 'VIA BOITO 6', '23900', 'LECCO', 'ROSA', 'MOLINARI', 'MLNRSO73H64E507W', 'LECCO', '24/06/1973', 'MASSIMO', 'MOTISI', NULL, '2015-05-29 05:54:21', '2015-05-29 05:54:21'),
(13, '00810220137', NULL, 'FIOCCHI MUNIZIONI s.p.a.', 'CONFINDUSTRIA LECCO', 'PRODUZIONE MUNIZIONI CACCIA, TIRO E DIFESA', 'VIA SANTA BARBARA 4', 'LECCO', '23900', '0341473258', 'g.galluccio@fiocchigfl.it', 'VIA SANTA BARBARA 4', '23900', 'LECCO', 'STEFANO', 'FIOCCHI', 'FCCSFN63D24E507E', 'LECCO', '24/04/1963', 'SERGIO', 'SCOTTONI', NULL, '2015-05-29 05:54:21', '2015-05-29 05:54:21'),
(14, '03329960136', NULL, 'SVE.ZIA srl', 'UPAL', 'METALMECCANICO ARTIGIANO', 'VI.LE V.VENETO 4', 'ELLO', '23848', '0341577625', 'info@sve-zia.com', 'VI.LE V.VENETO 4', '23848', 'ELLO', 'MARZIA', 'PANZERI', 'PNZMRZ76P68E507N', 'LECCO', '23/09/1976', 'DANIELE', 'CIVILLINI', NULL, '2015-05-29 05:54:21', '2015-05-29 05:54:21'),
(15, '00912620135', NULL, 'SILEA s.p.a', 'CONFINDUSTRIA LECCO', 'SMALTIMENTO RIFIUTI', 'VIA L.VASSENA 6', 'VALMADRERA', '23868', '0341204441', 'giordano.panzeri@sileaspa.it', 'VIA L.VASSENA 6', '23868', 'VALMADRERA', 'MAURO', 'COLOMBO', 'CLMMRA56E09A794I', 'BERGAMO', '09/05/1956', 'GIANCARLO', 'OFFREDI', NULL, '2015-05-29 05:54:21', '2015-05-29 05:54:21'),
(16, '01871870133', NULL, 'GEOM CAMOZZINI SERGIO', NULL, 'STUDIO TECNICO', 'VIA MILANO 48', 'BARZIO', '23816', '0341910143', 'sergio.camo@tiscali.it', 'VIA MILANO 48', '23816', 'BARZIO', 'SERGIO', 'CAMOZZINI', 'CMZSRG64E21E507G', 'LECCO', '21/05/1964', 'SERGIO', 'CAMOZZINI', NULL, '2015-05-29 05:54:21', '2015-05-29 05:54:21'),
(17, '00699910139', NULL, 'ING. CAMILLO LUCIO FILICE', NULL, 'STUDIO PROFESSIONALE ING.', 'VIA MACON 30', 'LECCO', '23900', '0341362692', 'studio.filice@virgilio.it', 'VIA MACON 30', '23900', 'LECCO', 'CAMILLO LUCIO', 'FELICE', 'FLCCLL57R31A005N', 'ABBADIA LARIANA', '31/10/1957', 'CAMILLO LUCIO', 'FELICE', NULL, '2015-05-29 05:54:21', '2015-05-29 05:54:21'),
(18, '02455410130', NULL, 'ING. TOMMASO INVERNIZZI', NULL, 'INGEGNERIA CIVILE', 'VIA D.ALIGHIERI 1', 'PRIMALUNA', '23819', '0341901418', 'tomaso.invernizzi@libero.it', 'LOC. GALERA 3', '23813', 'CORTENOVA', 'TOMASO', 'INVERNIZZI', 'NVRTSL71P30E507U', 'LECCO', '30/09/1971', 'TOMASO', 'INVERNIZZI', NULL, '2015-05-29 05:54:21', '2015-05-29 05:54:21'),
(19, '01770180139', NULL, 'STUDIO TECNICO', 'ORDINE ARCHITETTI LECCO', 'EDILIZIA/URBANISTICA', 'VIA ROMA 12', 'SUELLO', '23867', '031657370', 'colomboivan@alice.it', 'VIA ROMA 12', '23867', 'SUELLO', 'IVANO', 'COLOMBO', 'CLMVNI60D28E507E', 'LECCO', '28/04/1960', 'IVANO', 'COLOMBO', NULL, '2015-05-29 05:54:21', '2015-05-29 05:54:21'),
(20, '03218500134', NULL, 'NESPOLI ADRIANO SAS DI NESPOLI ELIO', 'CASSA EDILE PROVINCIALE COMO E LECCO', 'EDILIZIA', 'VIA SAN CARLO 1', 'AROSIO', '22060', '031797058', 'impianto@nespolisas.it', 'VIA VALSORDA - VIA SAN CARLO 1', '22040', 'BRENNA', 'ELIO', 'NESPOLI', 'NSPLEI52P27A430P', 'AROSIO', '27/09/1952', 'ROBERTO', 'NESPOLI', NULL, '2015-05-29 05:54:21', '2015-05-29 05:54:21'),
(21, '03192780132', NULL, 'STUDIO TECNICO ASSOCIATO GEOMETRI AGOSTONI E GUZZETTI', NULL, 'EDILIZIA', 'VIA MENTANA 51', 'LECCO', '23900', '0341282722', 'studio51.info@gmail.it', 'VIA MENTANA 51', '23900', 'LECCO', 'LUCA', 'GUZZETTI', 'GZZLCU80L12E507G', 'LECCO', '12/07/1980', 'LUCA', 'GUZZETTI', NULL, '2015-05-29 05:54:21', '2015-05-29 05:54:21'),
(22, '02066300134', NULL, 'STUDIO TECNICO GEOMETRA GABRIELE ACERBONI', NULL, 'ATTIVITA TECNICHE', 'LOC PIAZZO POSSOLO 1', 'CASARGO', '23831', '0341802132', 'gabriele.acerboni@virgilio.it', 'LOC PIAZZO POSSOLO 1', '23831', 'CASARGO', 'GABRIELE', 'ACERBONI', 'CRBGRL64505A745V', 'BELLANO', '05/11/1964', 'GABRIELE', 'ACERBONI', NULL, '2015-05-29 05:54:21', '2015-05-29 05:54:21'),
(23, '00206750135', NULL, 'IMPRESA EDILE PIAZZA CARLO & C SRL', 'ANCE', 'EDILIZIA', 'VIALE DELLA VITTORIA 34', 'INTROBIO', '23815', '0341980355', 'info@impresapiazza.it', 'VIA XXV APRILE 19', '23819', 'PRIMALUNA', 'SERGIO', 'PIAZZA', 'PZZSRG59L27E305W', 'INTROBIO', '27/07/1959', 'PAOLO', 'RUSCONI', NULL, '2015-05-29 05:54:22', '2015-05-29 05:54:22'),
(24, '03164770137', NULL, 'BENEDETTI GEOMETRA RUDY', 'COLLEGIO DEI GEOMETRI', 'GEOMETRA', 'VIA VITTORIO VENETO 7', 'INTROBIO', '23815', '3485707436', 'rudy.benedetti@libero.it', 'VIA VITTORIO VENETO 7', '23815', 'INTROBIO', 'RUDY', 'BENEDETTI', 'BNDRDY86C17A745U', 'BELLANO', '17/03/1986', 'RUDY', 'BENEDETTI', NULL, '2015-05-29 05:54:22', '2015-05-29 05:54:22'),
(25, '00496260134', NULL, 'PROFESSIONISTA', NULL, 'ARCHITETTURA-URBANISTICA', 'VIA SANT''ALESSANDRO 8', 'PESCATE', '23855', '0341361421', 'valsecchiprogetti@tiscali.it', 'VIA SANT''ALESSANDRO 8', '23855', 'PESCATE', 'ALESSANDRO', 'VALSECCHI', 'VLSLSN38LI3E305Q', 'INTROBIO', '13/07/1938', 'ALESSANDRO', 'VALSECCHI', NULL, '2015-05-29 05:54:22', '2015-05-29 05:54:22'),
(26, '02275910137', NULL, 'SELVA ANTONIO GEOMETRA', 'ALBO GEOMETRI', 'EDILIZIA', 'VIA ROMA 6', 'CASARGO', '23831', '3484406674', 'a.selva@tin.it', 'VIA XXV APRILE 19', '23819', 'PRIMALUNA', 'ANTONIO', 'SELVA', 'SLVNTN64H09E507I', 'LECCO', '09/06/1964', 'ANTONIO', 'SELVA', NULL, '2015-05-29 05:54:22', '2015-05-29 05:54:22'),
(27, '02604410130', NULL, 'GEOMETRA MANZONI EGIDIO', NULL, 'GEOMETRA', 'VIA PROVINCIALE NORD 1', 'TACENO', '23837', '0341880344', 'geometra.manzoni@virgilio.it', 'VIA PROVINCIALE NORD 1', '23837', 'TACENO', 'EGIDIO', 'MANZONI', 'MNZGDE75527E507C', 'LECCO', '27/11/1975', 'EGIDIO', 'MANZONI', NULL, '2015-05-29 05:54:22', '2015-05-29 05:54:22'),
(28, '03087250134', NULL, 'STUDIO TECNICO ASSOCIATO ANNONI COLOMBO MOLTENI', NULL, 'ARCHITETTURA-URBANISTICA', 'VIA FRATELLI CAIROLI 69', 'LECCO', '23900', '0341361465', 'colombo@venti3novecento.it', 'VIA FRATELLI CAIROLI 69', '23900', 'LECCO', 'MAURIZIO', 'COLOMBO', 'CLMMRZ80D30E507N', 'LECCO', '30/04/1980', 'GIOVANNI', 'ANNONI', NULL, '2015-05-29 05:54:22', '2015-05-29 05:54:22'),
(29, '05267830965', NULL, 'STUDIO TECNICO PROFESSIONALE ', NULL, 'PROGETTAZIONE-EDILIZIA', 'VIA PARINI 7', 'NIBIONNO', '23895', '031690752', NULL, 'VIA PARINI 7', '23895', 'NIBIONNO', 'SIMONE', 'GIUSSANI', 'GSSSNN77M30F205A', 'MILANO', '30/08/1967', 'SIMONE', 'GIUSSANI', NULL, '2015-05-29 05:54:22', '2015-05-29 05:54:22'),
(30, '02389490133', NULL, 'STUDIO TECNICO GEOMETRA FRANCESCO CARRERA', NULL, 'GEOMETRA', 'VIA XI FEBBRAIO 1', 'LECCO', '23900', '0341288629', 'Geom.carrera@virgilio.it', 'PIAZZA LEGA LOMBARDA 3B', '23900', 'LECCO', 'FRANCESCO', 'CARRERA', 'CRRFNC73T18E507P', 'LECCO', '18/12/1973', 'FRANCESCO', 'CARRERA', NULL, '2015-05-29 05:54:22', '2015-05-29 05:54:22'),
(31, '02355040136', NULL, 'A.B. & B. STUDIO ASSOCIATO', NULL, 'ARCHITETTURA-SICUREZA', 'VIA MAGGIORE 16', 'LECCO', '23900', '0341288389', 'info@abbstudio.com', 'VIA MAGGIORE 16', '23900', 'LECCO', 'CLAUDIO', 'BAGGIOLI', 'BGGCLD64H22E507D', 'LECCO', '22/06/1964', 'GIOVANNI', 'BATTAZZA', NULL, '2015-05-29 05:54:22', '2015-05-29 05:54:22'),
(32, '01740580137', NULL, 'ARCHITETTO GLICERIO PONTIGGIA', NULL, 'STUDIO DI ARCHITETTURA', 'C.SO CARLO ALBERTO 17/A', 'LECCO', '23900', '0341350136', 'arch.gliceriopontiggia@gmail.com', 'C.SO CARLO ALBERTO 17/A', '23900', 'LECCO', 'GLICERIO', 'PONTIGGIA', 'PNTGCR61M02E507B', 'LECCO', '02/08/1961', 'GLICERIO', 'PONTIGGIA', NULL, '2015-05-29 05:54:22', '2015-05-29 05:54:22'),
(33, '03378940138', NULL, 'STUDIO ASSOCIATO', NULL, 'INGEGNERIA', 'VIA C. CATTANEO 4', 'LECCO', '23900', '0341363402', NULL, 'VIA C. CATTANEO 4', '23900', 'LECCO', 'FABIO', 'CANEPARI', 'CNPFBA60S03E507Q', 'LECCO', '03/11/1960', 'CHRISTIAN', 'STEFANONI', NULL, '2015-05-29 05:54:22', '2015-05-29 05:54:22'),
(34, '01716200132', NULL, 'STUDIOTRE SNC', NULL, 'EDILE', 'VIA S. PRIMO 1/A', 'OLGIATE MOLGORA', '23887', '0399910415', 'daniele.castelli@studio-tresnc.191.it', 'VIA S. PRIMO 1/A', '23887', 'OLGIATE MOLGORA', 'DANIELE', 'CASTELLI', 'CSTDNL69R15E507V', 'LECCO', '15/10/1969', 'DANIELE', 'CASTELLI', NULL, '2015-05-29 05:54:22', '2015-05-29 05:54:22'),
(35, '01988940134', NULL, 'BUIZZA ING. VINCENZO', NULL, 'EDILE', 'C.SO MARTIRI 6', 'LECCO', '23900', '0341363915', 'vb@ingbuizza.it', 'C.SO MARTIRI 6', '23900', 'LECCO', 'VINCENZO', 'BUIZZA', 'BZZVCN65P17E507G', 'LECCO', '17/09/1965', 'VINCENZO', 'BUIZZA', NULL, '2015-05-29 05:54:22', '2015-05-29 05:54:22'),
(36, '83007090133', NULL, 'COMUNE DI ABBADIA LARIANA', NULL, 'ENTE PUBBLICO', 'VIA NAZIONALE 120', 'ABBADIA LARIANA', '23821', '0341731241', 'comunr.abbadialariana@legalmail.it', 'VIA NAZIONALE 120', '23821', 'ABBADIA LARIANA', 'CRISTINA', 'BARTESAGHI', 'BRTCST63B66E507H', 'LECCO', '26/02/1963', 'FRANCESCO', 'SCOLA', NULL, '2015-05-29 05:54:22', '2015-05-29 05:54:22'),
(37, '03523690133', NULL, 'GRUPPO ENERSIC S.R.L.S.', NULL, 'SOCIETA'' D''INGEGNERIA', 'VIA DELL''ISOLA 6', 'LECCO', '23900', '0341255058', 'info@gruppoenersic.com', 'VIA DELL''ISOLA 6', '23900', 'LECCO', 'LINDA', 'SPREAFICO', 'SPRLND83E53E507Q', 'LECCO', '13/05/1983', 'MARIO', 'MELE', NULL, '2015-05-29 05:54:22', '2015-05-29 05:54:22'),
(38, '03409320136', NULL, 'VALAGUSSA AMBIENTE SRL', 'ANCE LECCO', 'EDILIZIA-RIFIUTI', 'VIA XXV APRILE 132', 'MERATE', '23807', '0399901465', 'direzione@gruppovalagussa.it', 'VIA XXV APRILE 132', '23807', 'MERATE', 'STEFANO', 'VALAGUSSA', 'VLGSFN81S04F133G', 'MERATE', '04/11/1981', 'STEFANO', 'VALAGUSSA', NULL, '2015-05-29 05:54:22', '2015-05-29 05:54:22'),
(39, '01155720137', NULL, 'ARCHITETTO TIZIANO MARANESI', NULL, 'PROGETTAZIONE', 'VIA PAOLO CARCANO 71', 'BELLAGIO', '22021', '031950296', 'architetto.maranesi@virgilio.it', 'VIA PAOLO CARCANO 71', '22021', 'BELLAGIO', 'TIZIANO', 'MARANESI', 'MRNTZN53T29B507P', 'LECCO', '29/12/1953', 'TIZIANO', 'MARANESI', NULL, '2015-05-29 05:54:22', '2015-05-29 05:54:22'),
(40, '01345580136', NULL, 'GEOMETRA ROBERTO DELL''ORO', NULL, 'GEOMETRA', 'PIAZZA FONTANA 14/M', 'VALMADRERA', '23868', '0341581045', 'geom.robertodelloro@tin.it', 'VIA ROMA 21', '23868', 'VALMADRERA', 'ROBERTO', 'DELL''ORO', NULL, NULL, NULL, 'ROBERTO', 'DELL''ORO', NULL, '2015-05-29 05:54:22', '2015-05-29 05:54:22'),
(41, '02095250136', NULL, 'GIORGIO MELESI ARCHITETTO', NULL, 'ARCHITETTURA', 'SAGRATO DON ABBONDIO 12', 'LECCO', '23900', '0341251051', 'studio@studiomelesi.com', 'SAGRATO DON ABBONDIO 12', '23900', 'LECCO', 'GIORGIO', 'MELESI', 'MLSGRG53E17E507I', 'LECCO', '17/05/1953', 'GIORGIO', 'MELESI', NULL, '2015-05-29 05:54:22', '2015-05-29 05:54:22'),
(42, '02646320131', NULL, 'TREZZI CLAUDIO', NULL, 'ARCHITETTURA E VISUALIZZAZIONE 3D', 'VIA MASSIMO D''AZEGLIO 19', 'LECCO', '23900', '0341716082', 'studio@spazio3e.it', 'VIA MASSIMO D''AZEGLIO 19', '23900', 'LECCO', 'CLAUDIO', 'TREZZI', 'TRZCLD75D23E507F', 'LECCO', '23/04/1975', 'CLAUDIO', 'TREZZI', NULL, '2015-05-29 05:54:23', '2015-05-29 05:54:23'),
(43, '017136760138', NULL, 'UBERTI MARIO ARCHITETTO', NULL, 'STUDIO PROGETTAZIONE EDILIZIA', 'LOC GALERA 3', 'CORTENOVA', '23813', '0341901418', 'ubertima@tin.it', 'LOC GALERA 3', '23813', 'CORTENOVA', 'MARIO', 'UBERTI', 'BRTMRA61R21A745H', 'BELLANO', '21/10/1961', 'MARIO', 'UBERTI', NULL, '2015-05-29 05:54:23', '2015-05-29 05:54:23'),
(44, '02220170134', NULL, 'STUDIO DELL''ORO ARCHITETTURA', NULL, 'ARCHITETTURA', 'VIA MASCARI 32', 'LECCO', '23900', '0341362200', 'studio.delloro@gmail.com', 'VIA MASCARI 32', '23900', 'LECCO', 'MASSIMO', 'DELL''ORO', 'DLLMSN56A31E507L', 'LECCO', '31/01/1956', 'MASSIMO', 'DELL''ORO', NULL, '2015-05-29 05:54:23', '2015-05-29 05:54:23'),
(45, '01529330134', NULL, 'STUDIO TECNICO GEOM DARIO ANDRESSI', 'COLLEGIO DEI GEOMETRI LECCO', 'EDILIZIA-PROGETTAZIONE', 'VIA RISORGIMENTO 30', 'MANDELLO DEL LARIO', '23826', '0341733354', 'andressi.d@libero.it', 'VIA RISORGIMENTO 30', '23826', 'MANDELLO DEL LARIO', 'DARIO', 'ANDRESSI', 'NDRDRA55E13E507H', 'LECCO', '13/05/1955', 'DARIO', 'ANDRESSI', NULL, '2015-05-29 05:54:23', '2015-05-29 05:54:23'),
(46, '00824740146', NULL, 'LABORATORIO DI PROGETTAZIONE SOSTENIBILE', NULL, 'PROGETTAZIONE-ARCHITETTURA', 'VIA CANTON 278', 'LIVIGNO', '23030', '0342997543', 'livigno@studiolps.it', 'VIA CANTON 278', '23030', 'LIVIGNO', 'MATTEO', 'MOTTINI', 'MTTMTT77E17I828N', 'SONDALO', '17/05/1977', 'MATTEO', 'MOTTINI', NULL, '2015-05-29 05:54:23', '2015-05-29 05:54:23'),
(47, '03567830132', NULL, 'GEOMETRA EZIO ARTUSI', NULL, 'PROGETTAZIONE,CATASTO E GEOMETRA', 'PIAZZA CAVOUR 18', 'INTROBIO', '23815', '0341980345', 'studioassociatoartusi@gmail.com', 'PIAZZA CAVOUR 18', '23815', 'INTROBIO', 'EZIO', 'ARTUSI', 'RTSZEI76R30E507U', 'LECCO', '30/10/1976', 'EZIO', 'ARTUSI', NULL, '2015-05-29 05:54:23', '2015-05-29 05:54:23'),
(48, '02511390136', NULL, 'MAZZOLENI INGEGNER LORENZO', NULL, 'STUDIO DI INGEGNERIA', 'VIA AIRUNO 15', 'BRIVIO', '23883', '0399322319', 'studio_mazzoleni@libero.it', 'VIA AIRUNO 15', '23883', 'BRIVIO', 'LORENZO', 'MAZZOLENI', 'MZZLNZ69C31F133N', 'MERATE', '31/03/1969', 'LORENZO', 'MAZZOLENI', NULL, '2015-05-29 05:54:23', '2015-05-29 05:54:23'),
(49, '01737470126', NULL, 'PAOLO BODEGA STUDIO DI ARCHITETTURA', NULL, 'ARCHITETTURA', 'CORSO MATTEOTTI 83', 'LECCO', '23900', '0341360487', 'studio@paolobodega.com', 'CORSO MATTEOTTI 83', '23900', 'LECCO', 'LUCA', 'CASTELLI', NULL, NULL, NULL, 'LUCA', 'CASTELLI', NULL, '2015-05-29 05:54:23', '2015-05-29 05:54:23'),
(50, '00675250138', NULL, 'STUDIO TECNICO GEOMETRI BONFANTI ROBERTO & MARCO', NULL, 'GEOMETRA', 'VIA DON POZZI 1', 'LECCO', '23900', '0341365608', 'geometri@studiotecnico-bonfanti.it', 'VIA DON POZZI 1', '23900', 'LECCO', 'MARCO', 'BONFANTI', 'BNFMRC56H07E507F', 'LECCO', '07/06/1956', 'MARCO', 'BONFANTI', NULL, '2015-05-29 05:54:23', '2015-05-29 05:54:23'),
(51, '00749840138', NULL, 'GEOMETRA', NULL, 'EDILIZIA', 'VIA MOLTENI 1', 'SIRONE', '23844', '031850322', 'geom.gvigano@gmail.com', 'VIA MOLTENI 1', '23844', 'SIRONE', 'GIANNI', 'VIGANO''', 'VGNGNN49L19F304K', 'MOLTENO', '19/07/1948', 'GIANNI', 'BIGANO''', NULL, '2015-05-29 05:54:23', '2015-05-29 05:54:23'),
(52, '00550660138', NULL, 'STUDIO TECNICO CRIPPA GEOM. GIORDANO', NULL, 'GEOMETRA', 'VIA CERVINO 10', 'LA VALLETTA BRIANZA', '23888', '0395310113', 'studiocrippa@yahoo.it', 'VIA CERVINO 10', '23888', 'LA VALLETTA BRIANZA', 'GIUSEPPE', 'LOMBINO', NULL, NULL, NULL, 'GIUSEPPE', 'LOMBINO', NULL, '2015-05-29 05:54:23', '2015-05-29 05:54:23'),
(53, '02714580137', NULL, 'DAVIDE PANZERI ARCHITETTO', NULL, 'ARCHITETTURA E DESIGN', 'VIA CRISTOFORO COLOMBO 18', 'VALGREGHENTINO', '23857', '0341604057', 'dparchitetto@studiopanzeri.it', 'VIA CRISTOFORO COLOMBO 18', '23857', 'VALGREGHENTINO', 'DAVIDE', 'PANZERI', 'PNZDVD76T12E507C', 'LECCO', '12/12/1976', 'DAVIDE', 'PANZERI', NULL, '2015-05-29 05:54:23', '2015-05-29 05:54:23'),
(54, '02789480130', NULL, 'GEOM. GIOVANNI GIANOLA', NULL, 'STUDIO TECNICO GEOMETRA', 'VIA ENTRICO FERMI 4', 'PREMANA', '23834', '0341890272', 'geogianola@gmail.com', 'VIA ENRICO FERMI 4', '23834', 'PREMANA', 'GIOVANNI', 'GIANOLA', 'GNLGNN82P09A745U', 'BELLANO', '09/09/1982', 'GIOVANNI', 'GIANOLA', NULL, '2015-05-29 05:54:23', '2015-05-29 05:54:23'),
(55, '03881030161', NULL, 'STUDIO TECNICO ASSOCIATO LOSA E VALSECCHI', NULL, 'ARCHITETTURA', 'PIAZZA VITTORIO VENETO 5', 'CALOLZIOCORTE', '23801', '0341631544', 'studiolosavalsecchi@hotmail.it', 'PIAZZA VITTORIO VENETO 5', '23801', 'CALOLZIOCORTE', 'MARCO LUIGI', 'LOSA', 'LSOMCL66P28E507K', 'LECCO', '28/09/1966', 'MARCO LUIGI', 'LOSA', NULL, '2015-05-29 05:54:23', '2015-05-29 05:54:23'),
(56, '03534410133', '', 'COMETO srl', 'ARTIGIANI', 'METALMECCANICO', 'VIA CABELLA LATTUADA, 41', 'ANNONE BRIANZA', '23841', '0341263090', '', 'VIA CABELLA LATTUADA, 41', '23841', 'ANNONE BRIANZA', 'PIETRO', 'TOCCHETTI', 'TCCPTR65C08E507P', 'LECCO', '08/03/1965', 'PIETRO', 'TOCCHETTI', NULL, '2015-05-29 09:03:06', '2015-05-29 09:03:06'),
(57, '02840651208', '', 'GILARDONI VITTORIO SRL', 'UNIONE INDUSTRIALI', 'INDUSTRIA', 'VIALE DELLA COSTITUZIONE 32', 'MANDELLO DEL LARIO', '23826', '03417071', 'paola.alippi@gilcil.it', 'VIALE DELLA COSTITUZIONE 32', '23826', 'MANDELLO DEL LARIO', 'LUIGI', 'GILARDONI', 'GLRLGU49E29E879Z', 'MANDELLO DEL LARIO', '29/05/1949', 'OSVALDO', 'MORGANTI', NULL, '2015-05-29 09:35:38', '2015-05-29 09:35:38'),
(58, '01194490130', '', 'MPM DI PANZERI MARIO SAS', '', 'MECCANICO', 'VIA SPINO 9/B', 'ROGENO', '23849', '031866483', 'info@mpmstampi.it', 'VIA SPINO 9/B', '23849', 'ROGENO', 'MARIO', 'PANZERI', 'PNZMRF56R23B081G', 'BOSISIO PARINI', '23/10/1956', 'MARIO ', 'PANZERI', NULL, '2015-05-29 09:43:25', '2015-05-29 09:43:25'),
(59, '03062880137', '', 'ISOMECH SRL', 'CONFARTIGIANATO', 'METALMECCANICO', 'VIA VALASSINA 3', 'NIBIONNO', '23895', '031690956', 'info@isomec.it', 'VIA VALASSINA 3', '23895', 'NIBIONNO', 'RINALDINO', 'PANZERI', 'PNZRLD50T07A686P', 'BARZANO', '07/12/1950', 'RINALDINO', 'PANZERI', NULL, '2015-05-29 10:28:27', '2015-05-29 10:28:27'),
(60, '02444660134', '', 'dott. Filippo Radaelli', '', 'studi professionali', 'via Kennedy 4', 'Oggiono', '23848', '0341263104', '', 'via Bachelet 13', '0341263104', 'Oggiono', 'Filippo ', 'Radaelli', 'RDLFPP71B14E507W', 'LECCO', '14/02/1971', 'Filippo ', 'Radaelli', NULL, '2015-06-03 09:52:50', '2015-06-03 09:52:50'),
(61, '02714300130', '', 'GRUPPO SEI SRL', 'ALBIQUAL', 'QUADRI E IMPIANTI ELETTRICI', 'VIA DELL''INDUSTRIA, 2', 'OLGIATE MOLGORA', '23887', '039509753', '', 'VIA DELL''INDUSTRIA, 2', '23887', 'OLGIATE MOLGORA', 'GIAMPAOLO', 'CAGLIANI', 'CGLGPL42C18G027T', 'OLGIATE CALCO', '18/03/1942', 'GIORGIO', 'PEREGO', NULL, '2015-06-05 05:49:37', '2015-06-05 05:49:37'),
(62, '00692570138', '', 'SALICO SPA', '', 'METALMECCANICO', 'VIALE LOMBARDIA 7', 'MOLTENO', '23847', '031870598', '', 'VIALE LOMBARDIA 7', '23847', 'MOLTENO', 'CARLO', 'SALVIONI', 'SLVCRL45S26A686F', 'BARZANÒ', '26/11/45', 'MATTEO', 'FELICIELLO', NULL, '2015-06-05 06:39:01', '2015-06-05 06:39:01'),
(63, '01795330131', '', 'MONTICELLI MICHELE E C. SNC', 'UPAL', 'ARTIGIANI METALMECCANICI', 'VIA XXV APRILE 24', 'PRIMALUNA', '23819', '0341980404', '', 'VIA MOLINARA 15', '23819', 'PRIMALUNA', 'MARIAROSA', 'ARTUSI', 'RTSMRS47C46H063I', 'PRIMALUNA', '06/03/47', 'DANIELE', 'ARTUSI', NULL, '2015-06-05 06:53:06', '2015-06-05 06:53:06'),
(64, '02193970130', '', 'PROVINCIA DI LECCO', '', 'PUBBLICA AMMINISTRAZIONE', 'PIAZZA LEGA LOMBARDA, 4', 'LECCO', '23900', '0341295365', '', 'PIAZZA LEGA LOMBARDA, 4', '23900', 'LECCO', 'ANTONELLA', 'CAZZANIGA', 'CZZNNL60H67C933D', 'COMO', '27/06/1960', 'CORRADO', 'CONTI', NULL, '2015-06-05 07:19:39', '2015-06-05 07:19:39'),
(65, '03534410133', NULL, 'COMETO SRL', 'ARTIGIANI', 'METALMECCANICO', 'VIA CABELLA LATTUADA 41', 'ANNONE BRIANZA', '23841', '0341263090', NULL, 'VIA CABELLA LATTUADA 41', '23841', 'ANNONE BRIANZA', 'PIETRO', 'TOCCHETTI', 'TCCPTR65C08E507P', 'LECCO', '08/03/1965', 'PIETRO', 'TOCCHETTI', NULL, '2015-06-06 03:43:09', '2015-06-06 03:43:09'),
(66, '02840651208', NULL, 'GILARDONI VITTORIO SRL', 'UNIONE INDUSTRIALI DI LECCO', 'INDUSTRIA', 'VIALE DELLA COSTITUZIONE 32', 'MANDELLO DEL LARIO', '23826', '03417071', NULL, 'VIALE DELLA COSTITUZIONE 32', '23826', 'MANDELLO DEL LARIO', 'LUIGI', 'GILARDONI', 'GLRLGU49E29E8792', 'MANDELLO DEL LARIO', '29/05/1949', 'OSVALDO', 'MORGANTI', NULL, '2015-06-06 03:43:10', '2015-06-06 03:43:10'),
(67, '01194490130', NULL, 'MPM DI PANZERI MARIO SAS', NULL, 'MECCANICO', 'VIA SPINO 9/B', 'ROGENO', '23849', '031866483', NULL, 'VIA SPINO 9/B', '23849', 'ROGENO', 'MARIO RAFFAELE', 'PANZERI', 'PNZMRF56R23B0816', 'BOSISIO PARINI', '23/10/1956', 'MARIO RAFFAELE', 'PANZERI', NULL, '2015-06-06 03:43:10', '2015-06-06 03:43:10'),
(68, '11947050156', NULL, 'FINESTRA 2000 SRL', NULL, 'COMMERCIO', 'VIA GROSOTTO 5', 'MILANO', '20149', '0233000047', NULL, 'VIA GROSOTTO 5', '20149', 'MILANO', 'MARCO', 'BOSELLI', 'BSLMRC62B07F205X', 'MILANO', '07/02/1962', 'MARCO', 'BOSELLI', NULL, '2015-06-06 03:43:10', '2015-06-06 03:43:10'),
(69, '0175691137', NULL, 'BCM', 'API', 'METALMECCANICO', 'VIA BACCANELLO 1C', 'TERNO D''ISOLA (BG)', '24030', '035903715', NULL, 'VIA BACCANELLO 1C', '24030', 'TERNO D''ISOLA (BG)', 'MARCO', 'CORDONI', 'CRDMRC62A20E507C', 'LECCO', '20/01/1962', 'MARCO', 'CORDONI', NULL, '2015-06-06 03:43:10', '2015-06-06 03:43:10'),
(70, '01535610131', NULL, 'NUOVA RALFO SRL', 'UNIONE INDUSTRIALI', 'INDUSTRIA SIDERURGICA', 'VIA G. NATTA 9', 'MAPELLO (BG)', '24030', '0354946040', NULL, 'VIA G. NATTA 9', '24030', 'MAPELLO (BG)', 'GIOVANNI', 'BOSOTTI', 'BSTGNN54D20E507C', 'LECCO', '20/04/1954', 'LORENZO', 'FORMENTI', NULL, '2015-06-06 03:43:10', '2015-06-06 03:43:10'),
(71, '01839180138', NULL, 'RIMEC SRL', NULL, 'ARTIGIANATO', 'VIA LEONARDO DA VINCI 20', 'COSTAMASNAGA', '23845', '031879190', NULL, 'VIA LEONARDO DA VINCI 20', '23845', 'COSTAMASNAGA', 'ANGELO MARIO', 'RIVA', 'RVINLM62H20B081U', 'BOSISIO PARINI', '20/06/1962', 'MAURIZIO GENESIO', 'RIVA', NULL, '2015-06-06 03:43:10', '2015-06-06 03:43:10'),
(72, '00221870132', NULL, 'CEMB SPA', 'CONFINDUSTRIA LECCO', 'INDUSTRIA METALMECCANICA', 'VIA RISORGIMENTO 9', 'MANDELLO DEL LARIO', '23826', '0341706111', NULL, 'VIA RISORGIMENTO 9', '23826', 'MANDELLO DEL LARIO', 'CARLO', 'BUZZI', 'BZZCRL51C29E879G', 'MANDELLO DEL LARIO', '29/03/1951', 'SILVANO', 'PAROLI', NULL, '2015-06-06 03:43:10', '2015-06-06 03:43:10'),
(73, '03223070966', NULL, 'CO.STAMP', 'CONFINDUSTRIA', 'METALMECCANICO', 'VIA VERDI 6', 'SIRONE', '23844', '031875195', NULL, 'VIA VERDI 6', '23844', 'SIRONE', 'MARCO', 'CORTI', 'CRTMRC65R17B081K', 'BOSISIO PARINI', '17/10/1965', 'ANDREA', 'SALA', NULL, '2015-06-06 03:43:10', '2015-06-06 03:43:10'),
(74, '00264440132', NULL, 'SAS ENGINEERING AND  PLANNING SRL', NULL, 'METALMECCANICO', 'VIA A. VOLTA 5', 'SUELLO', '23867', '031655593', NULL, 'VIA A. VOLTA 5', '23867', 'SUELLO', 'FERMO PIETRO', 'STEFANONI', 'STFFMP47H1OC572O', 'CESELLO BRIANZA', '10/06/1947', 'MAURO', 'STEFANONI', NULL, '2015-06-06 03:43:10', '2015-06-06 03:43:10'),
(75, '01994780136', NULL, 'ALBERTO COLOMBO', NULL, 'MECCANICO', 'C.SO BERGAMO 3', 'LECCO', '23900', '0341420412', NULL, 'C.SO BERGAMO 3', '23900', 'LECCO', 'ALBERTO', 'COLOMBO', 'CLMLRT61M16E507A', 'LECCO', '16/08/1961', 'LUCA', 'COLOMBO', NULL, '2015-06-06 03:43:10', '2015-06-06 03:43:10'),
(76, '03260610138', NULL, 'HUBO AUTOMATION SRL', 'API', 'METALMECCANICO', 'VIA BASELONE 11', 'CIVATE', '23862', '0341550593', NULL, 'VIA BASELONE 11', '23862', 'CIVATE', 'SERGIO', 'CASTAGNA', 'CSTSRG56BO2E507X', 'LECCO', '02/02/1956', 'GIANPIERO', 'RIVA', NULL, '2015-06-06 03:43:11', '2015-06-06 03:43:11'),
(77, '02159730130', NULL, 'OFFICINE BINDA & GALPERTI SRL', 'UNIONE INDUSTRIALI LECCO', 'METALMECCANICO', 'VIA ROMA 43', 'CORTENOVA', '23813', '0341901333', NULL, 'VIA ROMA 43', '23813', 'CORTENOVA', 'SERGIO', 'GALPERTI', 'GLPSRG71H30E507E', 'LECCO', '30/06/1971', 'SERGIO', 'GALPERTI', NULL, '2015-06-06 03:43:11', '2015-06-06 03:43:11'),
(78, '03301540963', NULL, 'GALBIATI GROUP SRL', 'CONFINDUSTRIA LECCO', 'METALMECCANICO', 'VIA CA'' BIANCA PASCOLO 26', 'OGGIONO', '23848', '034126331', NULL, 'VIA CA'' BIANCA PASCOLO 26', '23848', 'OGGIONO', 'PIETRO', 'GALBIATI', 'GLBPTR61L06R009F', 'OGGIONO', '06/07/1961', 'PIERLUIGI', 'RIVA', NULL, '2015-06-06 03:43:11', '2015-06-06 03:43:11'),
(79, '02099470136', NULL, 'TECHNE SRL', 'UNIONE INDUSTRIALI', 'MECCANICO', 'VIA C.A. CALIFORNIA 59', 'ERBA (CO)', '22036', '031641009', NULL, 'VIA TRIESTE 36D', '22036', 'ERBA', 'GIUSEPPE', 'BESANA', 'BSNGPP38T14E951B', 'MARIANO COMENSE', '14/12/1938', 'GAETANO', 'BESANA', NULL, '2015-06-06 03:43:11', '2015-06-06 03:43:11'),
(80, '01546370139', NULL, 'RIVA MAURO e C. SNC', 'CONFARTIGIANATO IMPRESE LECCO', 'AUTORIPARATORE', 'VIA GIOVANNI XXIII 36', 'PESCATE', '23855', '0341360365', NULL, 'VIA GIOVANNI XXIII 36', '23855', 'PESCATE', 'MAURO', 'RIVA', 'RVIMRA65C14E507H', 'LECCO', '14/03/1965', 'MAURO', 'RIVA', NULL, '2015-06-06 03:43:11', '2015-06-06 03:43:11'),
(81, '03373740137', NULL, 'WIRE BELT TECHNOLOGY SRL', NULL, 'MECCANICO', 'VIA DELLA STANGA 10B', 'CALOLZIOCORTE', '23801', '0341632080', NULL, 'VIA DELLA STANGA 10B', '23801', 'CALOLZIOCORTE', 'ANDREA', 'DE CAPITANI', 'DCPNDR73L15E507R', 'LECCO', '15/07/1973', 'ANDREA', 'DE CAPITANI', NULL, '2015-06-06 03:43:11', '2015-06-06 03:43:11'),
(82, '01635500133', NULL, 'GADDI SERGIO', NULL, 'ARTIGIANATO MECCANICO', 'VIA ROGOLA 14', 'MANDELLO DEL LARIO', '23826', '0341735235', NULL, 'VIA ROGOLA 14', '23826', 'MANDELLO DEL LARIO', 'SERGIO', 'GADDI', 'GDDSRG53L31E879B', 'MANDELLO DEL LARIO', '31/07/1953', 'SIMONE', 'RIVA', NULL, '2015-06-06 03:43:11', '2015-06-06 03:43:11'),
(83, '01795330131', NULL, 'MONTICELLI MICHELE E C. SNC', 'UPAL', 'ARTIGIANI METALMECCANICI', 'VIA XXV APRILE 24', 'PRIMALUNA', '23819', '0341980404', NULL, 'VIA MOLINARA 15', '23819', 'PRIMALUNA', 'MARIAROSA', 'ARTUSI', 'RTSMRS47C46H063I', 'PRIMALUNA', '06/03/1947', 'DANIELE', 'ARTUSI', NULL, '2015-06-06 03:43:11', '2015-06-06 03:43:11'),
(84, '00209800135', NULL, 'TRAFILERIA A. MAURI E FIGLI SPA', 'CONFINDUSTRIA LECCO', 'INDUSTRIA METALMECCANICA PRIVATA', 'VIA MARCO D''OGGIONO 14', 'CESANA BRIANZA', '23861', '0313359811', NULL, 'VIA MARCO D''OGGIONO 14', '23861', 'CESANA BRIANZA', 'BRUNO ALESSANDRO', 'MAURI', 'MRABNL34B16C5725', 'CESELLO BRIANZA', '16/02/1934', 'PIERENRICO', 'GALLI', NULL, '2015-06-06 03:43:11', '2015-06-06 03:43:11'),
(85, '00743420135', NULL, 'FIMED SAS DI           R. BONIOTTI & C.', NULL, 'MECCANICO', 'VIA DELL''ARTIGIANATO 2', 'OSNAGO', '23875', '03958095', NULL, 'VIA DELL''ARTIGIANATO 2', '23875', 'OSNAGO', 'RENATO', 'BONIOTTI', 'BNTRNT56R09G161N', 'OSNAGO', '09/10/1956', 'MATTEO', 'BONIOTTI', NULL, '2015-06-06 03:43:12', '2015-06-06 03:43:12'),
(86, '00204200133', NULL, 'OMET SRL', 'UNIONE INDUSTRIALI', 'METALMECCANICO', 'VIA CADUTI LECCHESI A FOSSOLI 22', 'LECCO', '23900', '0341282661', NULL, 'VIA MONSIGNOR POLVARA 8/10', '23900', 'LECCO', 'ANTONIO', 'BARTESAGHI', 'BRTNTN71D29E507X', 'LECCO', '29/04/1971', 'ING. LUCA', 'GATTINONI', NULL, '2015-06-06 03:43:12', '2015-06-06 03:43:12'),
(87, '00206670135', NULL, 'OFFICINE SANTAFEDE', 'API', 'METALMECCANICO', 'VIA FREGERA 1', 'CORTABBIO DI CORTENOVA', '23813', '0341988411', NULL, 'VIA FREGERA 1', '23813', 'CORTABBIO DI CORTENOVA', 'BATTISTA', 'BENEDETTI', 'BNDBTS33A100065L', 'CORTENOVA', '10/01/1933', 'MICHELE', 'POZZOLI', NULL, '2015-06-06 03:43:12', '2015-06-06 03:43:12'),
(88, '00419440136', NULL, 'OFFICINA MECCANICA FRIGERIO SRL', 'API', 'MECCANICO', 'VIA RAFFAELLO 6/11', 'CESANA BRIANZA', '23861', '031658254', NULL, 'VIA RAFFAELLO 6/11', '23861', 'CESANA BRIANZA', 'ROMANA', 'APPIANI', 'PPNRMN52B65E507Y', 'LECCO', '25/02/1952', 'MARCO', 'ANGHILERI', NULL, '2015-06-06 03:43:12', '2015-06-06 03:43:12'),
(89, '00267370138', NULL, 'OMIG SRL', 'API', 'METALMECCANICO', 'VIA 25 APRILE 11', 'OLGINATE', '23854', '0341605027', NULL, 'VIA 25 APRILE 11', '23854', 'OLGINATE', 'LUCIANO', 'GRASSI', 'GRSLCN56A21E507Z', 'LECCO', '21/01/1956', 'GIOVANNI', 'GRASSI', NULL, '2015-06-06 03:43:12', '2015-06-06 03:43:12'),
(90, '00692570138', NULL, 'SALICO SPA', NULL, 'METALMECCANICO', 'VIALE LOMBARDIA 10', 'MOLTENO', '23847', '031870598', NULL, 'VIALE LOMBARDIA 10', '23847', 'MOLTENO', 'CARLO', 'SALVIONI', 'SLVCRL45S26A686F', 'BARZANO''', '26/11/1945', 'MASSIMO', 'SCORDAMAGLIA', NULL, '2015-06-06 03:43:12', '2015-06-06 03:43:12'),
(91, '06973110965', NULL, 'FER-M-ER SRL', 'API', 'INDUSTRIA METALMECCANICA', 'VIA 1° MAGGIO 33', 'CONCOREZZO (MB)', '20863', '0396040269', NULL, 'VIA 1° MAGGIO 33', '20863', 'CONCOREZZO (MB)', 'LUIGI', 'FERRARIO', 'FRRLGU52H10F704T', 'MONZA', '10/06/1952', 'LUIGI', 'FERRARIO', NULL, '2015-06-06 03:43:12', '2015-06-06 03:43:12'),
(92, '02602240968', NULL, 'VULCANO SAS', NULL, 'INFORMATICA', 'VIA MEDAGLIE D''ORO 14', 'USMATE VELATE', '20865', '0341631058', NULL, 'CORSO DANTE 61', '23801', 'CALOLZIOCORTE', 'NATALE', 'PERUCCHINI', 'PRCNTL56T25E507P', 'LECCO', '25/12/1956', 'FILIPPO', 'PERUCCHINI', NULL, '2015-06-06 03:43:13', '2015-06-06 03:43:13'),
(93, '00630000164', NULL, 'COMUNE DI CALOLZIOCORTE', NULL, 'ENTE PUBBLICO TERRITORIALE', 'P.ZZA V. VENETO 13', 'CALOLZIOCORTE', '23900', '0341 639231', NULL, 'P.ZZA V. VENETO 13', '23900', 'CALOLZIOCORTE', 'DOTT. CESARE', 'VALSECCHI', 'VLSCSR58M26A794Z', 'BERGAMO', '26/08/1958', 'SERGIO', 'BONFANTI', NULL, '2015-06-06 03:43:13', '2015-06-06 03:43:13'),
(94, '06412470692', NULL, 'RODAFIN SPA', 'CONFINDUSTRIA', 'INDUSTRIA METALMECCANICA', 'VIA SAFFI 34', 'MILANO', '20123', '031878111', NULL, 'VIA LEOPARDI 1', '23842', 'BOSISIO PARINI', 'MAURO', 'CALIFANO', 'CLFMRA59P26D969M', 'GENOVA', '26/09/1959', 'EROS', 'BASEOTTO', NULL, '2015-06-06 03:43:13', '2015-06-06 03:43:13'),
(95, '02879910137', NULL, 'TLMSERVICE SAS DI FABIO BENEDETTI', 'CONFCOMMERCIO', 'INFORMATICA', 'VIA MODIGLIANI 3', 'CORTENOVA', '23813', '0341901402', NULL, 'VIA MODIGLIANI 3', '23813', 'CORTENOVA', 'FABIO BENEDETTI', 'CALIFANO', 'BNDFBA60A08E507Q', 'LECCO', '08/01/1960', 'ANDREA', 'SANTE BENEDETTI', NULL, '2015-06-06 03:43:13', '2015-06-06 03:43:13'),
(96, '02678560133', NULL, 'DATRIK SOLUTIONS DI TRIACCHINI LUCA', NULL, 'INFORMATICA', 'VIA ITALIA 3/A', 'CASARGO', '23831', '0341840108', NULL, 'VIA ITALIA 3/A', '23831', 'CASARGO', 'LUCA', 'TRIACCHINI', 'TRCLCU84E07A745Z', 'BELLANO', '07/05/1984', 'LUCA', 'TRIACCHINI', NULL, '2015-06-06 03:43:13', '2015-06-06 03:43:13'),
(97, '01480890134', NULL, 'ATIE UNO INFORMATICA SRL', 'API', 'AUTOMAZIONE', 'VIA MACON 30', 'LECCO', '23900', '0341210444', NULL, 'VIA MACON 30', '23900', 'LECCO', 'FEDERICA', 'BERERA', 'BRRFRC59R66E507V', 'LECCO', '26/10/1959', 'MARCO', 'BOSISIO', NULL, '2015-06-06 03:43:13', '2015-06-06 03:43:13'),
(98, '02347140135', NULL, 'MAGICOTEL SRL', NULL, 'COMMERCIO', 'VIA PARODI 36', 'MANDELLO DEL LARIO', '23826', '0341702058', NULL, 'VIA PARODI 36', '23826', 'MANDELLO DEL LARIO', 'SIMONETTA', 'ALIPPI', 'LPPSNT59561E507X', 'LECCO', '21/11/1959', 'EMANUELE', 'RIVA', NULL, '2015-06-06 03:43:13', '2015-06-06 03:43:13'),
(99, '11988960156', NULL, 'ABB SPA', NULL, 'METALMECCANICO', 'VIA VITTOR PISANI 16', 'MILANO', '20124', '0356952262', NULL, 'VIA PESCARIA 5', '24123', 'BERGAMO', 'SIMONA', 'DEL PAPA', 'DLPSMN72M62F205L', 'MILANO', '22/08/1972', 'MASSIMO', 'BELOMETTI', NULL, '2015-06-06 03:43:13', '2015-06-06 03:43:13'),
(100, '01570440139', NULL, 'SEI SRL', 'API', 'METALMECCANICO', 'VIA FIUME 8', 'CIVATE', '23862', '0341680631', NULL, 'VIA FIUME 8', '23862', 'CIVATE', 'SERAFINO', 'CASTELNUOVO', 'CSTSFN61D26E507Z', 'LECCO', '26/04/1961', 'GIAN LUIGI', 'PONTIGGIA', NULL, '2015-06-06 03:43:13', '2015-06-06 03:43:13'),
(101, '02353370162', NULL, 'LT AUTOMAZIONE& IMPIANTI SAS', 'ARTIGIANI', 'ELETTRICO', 'VIA MANDAMENTALE 29A', 'CALOLZIOCORTE', '23801', '0354381252', NULL, 'VIA MONTANARI 6', '24034', 'CISANO BERGAMASCO (BG)', 'LUIGI', 'TORRI', 'TRRLGG65T22E507E', 'LECCO', '22/12/1965', 'MARIO', 'PEDRUZZI', NULL, '2015-06-06 03:43:13', '2015-06-06 03:43:13'),
(102, '03070270131', NULL, 'E. ELETTROSYSTEM SRL', 'CONFINDUSTRIA LECCO', 'IMPIANTI ELETTRICI', 'VIA 1° MAGGIO 3', 'BARZAGO', '23890', '031861642', NULL, 'VIA 1° MAGGIO 3', '23890', 'BARZAGO', 'EMILIO', 'MAZZOLA', 'MZZMLE45P19L682I', 'VARESE', '19/09/1945', 'MASSIMO', 'NEGRI', NULL, '2015-06-06 03:43:14', '2015-06-06 03:43:14'),
(103, '02161660168', NULL, 'RCR SRL', NULL, 'PROGETTAZIONE INSTALLAZIONE IMPIANTI ELETTRICI', 'VIA FRANCESCO NULLO 2', 'CISANO BERGAMASCO', '24034', '035787636', NULL, 'VIA FRANCESCO NULLO 2', '24034', 'CISANO BERGAMASCO', 'ALBERTO', 'CRIPPA', 'CRPLRT65T11A818H', 'BESANA BRIANZA', '11/12/1965', 'ALBERTO', 'CRIPPA', NULL, '2015-06-06 03:43:14', '2015-06-06 03:43:14'),
(104, '01928640133', NULL, 'ALTEC SRL', NULL, 'ELETTRONICO', 'VIA NAZIONALE NORD 19/C', 'COLICO', '23823', '0341930952', NULL, 'VIA NAZIONALE NORD 19/C', '23823', 'COLICO', 'FABIO', 'PIAI', 'PIAFBA53E29A745V', 'BELLANO', '29/05/1953', 'DAVIDE', 'RAMPOLDI', NULL, '2015-06-06 03:43:14', '2015-06-06 03:43:14'),
(105, '02714300130', NULL, 'GRUPPO SEI SRL', 'ALBIQUAL', 'QUADRI E IMPIANTI ELETTRICI', 'VIA DELL''INDUSTRIA 2', 'OLGIATE MOLGORA', '23887', '039509753', NULL, 'VIA DELL''INDUSTRIA 2', '23887', 'OLGIATE MOLGORA', 'GIAMPAOLO', 'CAGLIANI', 'CGLGPL42C18G027T', 'OLGIATE CALCO', '18/02/1942', 'GIORGIO', 'PEREGO', NULL, '2015-06-06 03:43:14', '2015-06-06 03:43:14'),
(106, '02800480134', NULL, 'ELECTRO IMP OM', NULL, 'IMPIANTI ELETTRICI', 'VIA FORNACE NUOVA 12', 'MONTE MARENZO', '23804', '3471148036', NULL, 'VIA MAZZINI 33', '23804', 'MONTE MARENZO', 'OMAR GIACOMO', 'DONADONI', 'DNDMGC79BOE507D', 'LECCO', '07/02/1979', 'OMAR GIACOMO', 'DONADONI', NULL, '2015-06-06 03:43:14', '2015-06-06 03:43:14'),
(107, '00231630138', NULL, 'OFFICINE AMBROGIO MELESI & C. SRL', 'CONFINDUSTRIA LECCO', 'INDUSTRIA METALMECCANICA', 'LARGO DE'' VECCHI 11', 'CORTENOVA', '23813', '034198341', NULL, 'LARGO DE'' VECCHI 11', '23813', 'CORTENOVA', 'ING. AMBROGIO', 'INVERNIZZI', 'NVRMRG51C05H063Y', 'PRIMALUNA', '05/03/1951', 'ING. MICHELE', 'BIANCHI', NULL, '2015-06-06 03:43:14', '2015-06-06 03:43:14'),
(108, '02207330131', NULL, 'DIEMME ELECTRIS SNC', NULL, 'ELETTRICO  ELETTRONICO', 'VIA VITTORIO VENETO 8', 'SIRTORI', '23896', '0362802019', NULL, 'VIA ENEA CAMISASCA 12', '20838', 'RENATE (MB)', 'NICOLO''  F.', 'MADONIA', 'MDNNLF63C08B486I', 'CAMMARATA', '08/03/1963', 'NICOLO''  F.', 'MADONIA', NULL, '2015-06-06 03:43:14', '2015-06-06 03:43:14'),
(109, '02815350133', NULL, 'ELETTRICA BI. PI. DI BIFFI E C. SNC', NULL, 'ELETTRICO', 'VIA BRIANZA 2', 'SANTA  MARIA HOE''', '23889', '039570091', NULL, 'VIA BRIANZA 2', '23889', 'SANTA  MARIA HOE''', 'AURELIO', 'BIFFI', 'BFFRLA58HZ1I243Z', 'S. MARIA HOE''', '21/06/1958', 'CORRADO', 'PIZZAGALLI', NULL, '2015-06-06 03:43:14', '2015-06-06 03:43:14'),
(110, '00204050132', NULL, 'F.LLI MAURI SRL', NULL, 'MECCANICO', 'VIA BARZAGO,189', 'GARLATE', '23852', '0341681475', NULL, 'VIA BARZAGO,189', '23852', 'GARLATE', 'GAETANO', 'MAURI', 'MRAGTN29L02C572P', 'CESELLO BRIANZA', '02/07/2029', 'ING. GAETANO', 'MAURI', NULL, '2015-06-06 03:43:14', '2015-06-06 03:43:14'),
(111, '00927520130', NULL, 'MISSAGLIA ANGELO DI MISSAGLIA FELICE & C. SNC', 'API', 'IMPIANTI ELETTRICI', 'VIA VIGNAZZA 3', 'GALBIATE', '23851', '0341540122', NULL, 'VIA VIGNAZZA 3', '23851', 'GALBIATE', 'FELICE', 'MISSAGLIA', 'MSSFLC47H30D865H', 'GALBIATE', '30/06/1947', 'FELICE', 'MISSAGLIA', NULL, '2015-06-06 03:43:15', '2015-06-06 03:43:15'),
(112, '01825770165', NULL, 'BOLIS BRUNO SNC', 'CONFARTIGIANATO  LECCO', 'IMPIANTI ELETTRICI - CIVILI - INDUSTRIALI', 'VIA LATINI5/A', 'CALOLZIOCORTE', '23801', '0341630097', NULL, 'VIA LATINI5/A', '23801', 'CALOLZIOCORTE', 'WALTER', 'BOLIS', 'BLSWTR65B26E507R', 'LECCO', '26/02/1965', 'WALTER', 'BOLIS', NULL, '2015-06-06 03:43:15', '2015-06-06 03:43:15'),
(113, '02377370131', NULL, 'STEFANONI ALESSANDRO', NULL, 'IMPIANTI ELETTRICI', 'VIA S. ANTONIO 1', 'ANNONE BRIANZA', '23841', '3388818490', NULL, 'VIA S. ANTONIO 1', '23841', 'ANNONE BRIANZA', 'ALESSANDRO', 'STEFANONI', 'STFLSN71S12B081W', 'BOSISIO PARINI', '12/11/1971', 'ALESSADRO', 'STEFANONI', NULL, '2015-06-06 03:43:15', '2015-06-06 03:43:15'),
(114, '01496740133', NULL, 'BECCALLI ARTURO & FIGLI SNC', 'UNIONE ARTIGIANI', 'MECCANICA - ELETTROTECNICA - ELETTRONICA', 'VIA VALSUGANA 2', 'LECCO', '23900', '0341362646', NULL, 'VIA VALSUGANA 2', '23900', 'LECCO', 'GIOVANNI', 'BECCALLI', 'BCCGNN39R03G009B', 'OGGIONO', '03/10/1939', 'GABRIELE', 'BECCALLI', NULL, '2015-06-06 03:43:15', '2015-06-06 03:43:15'),
(115, '02921300139', NULL, 'SHS AUTOMATION & ROBOTICS SRL', NULL, 'ELETTRONICA - AUTOMAZIONE', 'VIA DELL''INDUSTRIA 10/13', 'OLGINATE', '23854', '0341650491', NULL, 'VIA DELL''INDUSTRIA 10/13', '23854', 'OLGINATE', 'GIANLUIGI', 'DELLA VALLE', 'DLLGLG65L25E507H', 'LECCO', '25/07/1965', 'GIANLUIGI', 'DELLA VALLE', NULL, '2015-06-06 03:43:15', '2015-06-06 03:43:15'),
(116, '02157930138', NULL, 'FAZZINI DIONIGI IMPIANTI', NULL, 'CIVILE - INDUSTRIALE', 'VIA RISORGIMENTO 2', 'PREMANA', '23834', '0341819010', NULL, 'VIA RISORGIMENTO 2', '23834', 'PREMANA', 'DIONIGI', 'FAZZINI', 'FZZDNG71M07A745V', 'BELLANO', '07/08/1971', 'DIONIGI', 'FAZZINI', NULL, '2015-06-06 03:43:15', '2015-06-06 03:43:15'),
(117, '00097820138', NULL, 'RE GIORGIO SNC       DI RE FABIO E C.', 'UPAL', 'ARTIGIANO METALMECCANICO', 'VIA SAN VIRIO 127', 'GARLATE', '23852', '0341680249', NULL, 'VIA SAN VIRIO 127', '23852', 'GARLATE', 'FABIO PIO', 'RE', 'REXFBP65R05F704Z', 'MONZA', '05/10/1965', 'FABIO PIO', 'RE', NULL, '2015-06-06 03:43:15', '2015-06-06 03:43:15'),
(118, '01446060137', NULL, 'PEREGO GIORGIO', NULL, 'ARTIGIANO', 'VIA PROVINCIALE 6', 'DOLZAGO', '23843', '0341451348', NULL, 'VIA PROVINCIALE 6', '23843', 'DOLZAGO', 'GIORGIO', 'PEREGO', 'PRGGRG63L26F133F', 'MERATE', '26/07/1963', 'GIORGIO', 'PEREGO', NULL, '2015-06-06 03:43:15', '2015-06-06 03:43:15'),
(119, '03365860133', NULL, 'COLOMBO IMPIANTI SRL', 'UPAL', 'IMPIANTI  ELETTRICI', 'VIA PER BRIVIO 1', 'OLGIATE MOLGORA', '23887', '039508967', NULL, 'VIA PER BRIVIO 1', '23887', 'OLGIATE MOLGORA', 'CARLO', 'COLOMBO', 'CLMCRL5PC20E507P', 'LECCO', '20/03/1959', 'CARLO', 'COLOMBO', NULL, '2015-06-06 03:43:15', '2015-06-06 03:43:15'),
(120, '03363700133', NULL, 'IDROTOP SRL', 'CONFCOMMERCIO', 'E - COMMERCE', 'VIA N. SAURO', 'LECCO', '23900', '03411722206', NULL, 'VIA DELLA FOPPA2/2', '23848', 'OGGIONO', 'MICHELE', 'MILANI', 'MLNMHL68P07E507K', 'LECCO', '07/09/1968', 'MICHELE', 'MILANI', NULL, '2015-06-06 03:43:15', '2015-06-06 03:43:15'),
(121, '02166640132', NULL, 'AZIENDA OSPEDALIERA DELLA PROV. DI LECCO', NULL, 'SANITA''', 'VIA DELL''EREMO 9/11', 'LECCO', '23900', '0341253057', NULL, 'VIA DELL''EREMO 9/11', '23900', 'LECCO', 'PATRIZIA', 'MONTI', 'MNTRPZ54A52F704W', 'MONZA', '12/01/1954', 'ANNA', 'CAZZANIGA', NULL, '2015-06-06 03:43:16', '2015-06-06 03:43:16'),
(122, '03062880137', NULL, 'ISOMECH SRL', 'CONFARTIGIANATO LECCO', 'METALMECCANICO', 'VIA VALASSINA 3', 'NIBIONNO', '23895', '031690956', NULL, 'VIA VALASSINA 3', '23895', 'NIBIONNO', 'RINALDINO', 'PANZERI', 'PNZRLD50T07A686P', 'BARZANO''', '07/12/1950', 'RINALDINO', 'PANZERI', NULL, '2015-06-06 03:43:16', '2015-06-06 03:43:16'),
(123, '01780270136', NULL, 'TBM SNC', 'CNA', 'MECCANICO', 'VIA CERCE'' 16', 'BOSISIO PARINI', '23842', '031876139', NULL, 'VIA CERCE'' 16', '23842', 'BOSISIO PARINI', 'ANTONIO', 'CASTELNUOVO', 'CSTNTN47P17C572L', 'CESELLO BRIANZA', '17/09/1947', 'CARLO', 'CASTELNUOVO', NULL, '2015-06-06 03:43:16', '2015-06-06 03:43:16'),
(124, '00813180155', NULL, 'CARLO SALVI SPA', 'UNIONE INDUSTRIALI ACIMAF', 'METALMECCANICO', 'VIA T. SALVINI 10', 'MILANO', '20122', '0341654611', NULL, 'VIA PONTE ROTTO 67', '23852', 'GARLATE', 'SERGIO LUIGI', 'ZIOTTI', 'ZTTSRG46H28F704Q', 'MONZA', '28/06/1946', 'ALFONSO', 'MONACHETTI', NULL, '2015-06-06 03:43:16', '2015-06-06 03:43:16'),
(125, '02855630139', '', 'AAG STUCCHI SRL', '', 'MECCANICO', 'VIA 4 NOVEMBRE 30/32', 'OLGINATE', '23854', '0341653111', '', 'VIA 4 NOVEMBRE 30/32', '23854', 'OLGINATE', 'GIUSEPPE', 'RICCARDI', 'RCCGPP67P21F205L', 'MILANO', '21/09/1967', 'GIUSEPPE', 'RICCARDI', NULL, '2015-06-06 06:43:51', '2015-06-06 06:43:51');

-- --------------------------------------------------------

--
-- Table structure for table `classi`
--

CREATE TABLE IF NOT EXISTS `classi` (
  `id` int(10) unsigned NOT NULL AUTO_INCREMENT,
  `classe` varchar(255) COLLATE utf8_unicode_ci NOT NULL,
  `articolazione` varchar(255) COLLATE utf8_unicode_ci NOT NULL,
  `sezione` varchar(255) COLLATE utf8_unicode_ci NOT NULL,
  `created_at` timestamp NOT NULL DEFAULT '0000-00-00 00:00:00',
  `updated_at` timestamp NOT NULL DEFAULT '0000-00-00 00:00:00',
  PRIMARY KEY (`id`)
) ENGINE=InnoDB  DEFAULT CHARSET=utf8 COLLATE=utf8_unicode_ci AUTO_INCREMENT=23 ;

--
-- Dumping data for table `classi`
--

INSERT INTO `classi` (`id`, `classe`, `articolazione`, `sezione`, `created_at`, `updated_at`) VALUES
(1, '4', 'Informatica', 'B', '2015-05-29 05:55:07', '2015-05-29 05:55:07'),
(2, '4', 'Automazione', 'A', '2015-05-29 05:55:52', '2015-05-29 05:55:52'),
(3, '4', 'Liceo Scientifico', 'A', '2015-05-29 05:56:36', '2015-05-29 05:56:36'),
(4, '4', 'Meccanica', 'A', '2015-05-29 05:56:50', '2015-05-29 05:56:50'),
(5, '4', 'Elettrotecnica', 'B', '2015-05-29 05:57:04', '2015-05-29 05:57:04'),
(6, '4', 'Meccatronica ed Energia', 'B', '2015-05-29 05:57:22', '2015-05-29 05:57:22'),
(7, '4', 'Meccanica, Meccatronica ed Energia', 'C', '2015-05-29 05:57:38', '2015-05-29 05:57:38'),
(8, '3', 'Automazione', 'A', '2015-05-29 05:57:55', '2015-05-29 05:57:55'),
(9, '3', 'Liceo Scientifico', 'A', '2015-05-29 05:58:07', '2015-05-29 05:58:07'),
(10, '3', 'Meccanica', 'A', '2015-05-29 05:58:20', '2015-05-29 05:58:20'),
(11, '3', 'Elettrotecnica', 'B', '2015-05-29 05:58:36', '2015-05-29 05:58:36'),
(12, '3', 'Informatica', 'B', '2015-05-29 05:58:50', '2015-05-29 05:58:50'),
(13, '3', 'Liceo Scientifico', 'B', '2015-05-29 05:59:04', '2015-05-29 05:59:04'),
(14, '3', 'Meccanica', 'B', '2015-05-29 05:59:19', '2015-05-29 05:59:19'),
(15, '3', 'Meccanica', 'C', '2015-05-29 05:59:33', '2015-05-29 05:59:33'),
(16, '3', 'Telecomunicazioni', 'C', '2015-05-29 05:59:56', '2015-05-29 05:59:56'),
(17, '3', 'Ambiente, Costruzione e Territorio', 'A', '2015-05-29 06:00:17', '2015-05-29 06:00:17'),
(18, '3', 'Ambiente, Costruzione e Territorio', 'B', '2015-05-29 06:00:33', '2015-05-29 06:00:33'),
(19, '4', 'Ambiente, Costruzione e Territorio', 'A', '2015-05-29 06:00:48', '2015-05-29 06:00:48'),
(20, '4', 'Ambiente, Costruzione e Territorio', 'B', '2015-05-29 06:01:05', '2015-05-29 06:01:05'),
(21, '4', 'Ambiente, Costruzione e Territorio', 'C', '2015-05-29 06:01:22', '2015-05-29 06:01:22'),
(22, '4', 'Informatica', 'A', '2015-05-29 06:01:34', '2015-05-29 06:01:34');

-- --------------------------------------------------------

--
-- Table structure for table `config`
--

CREATE TABLE IF NOT EXISTS `config` (
  `id` int(10) unsigned NOT NULL AUTO_INCREMENT,
  `chiave` varchar(255) COLLATE utf8_unicode_ci NOT NULL,
  `valore` varchar(255) COLLATE utf8_unicode_ci NOT NULL,
  `created_at` timestamp NOT NULL DEFAULT '0000-00-00 00:00:00',
  `updated_at` timestamp NOT NULL DEFAULT '0000-00-00 00:00:00',
  PRIMARY KEY (`id`)
) ENGINE=InnoDB  DEFAULT CHARSET=utf8 COLLATE=utf8_unicode_ci AUTO_INCREMENT=8 ;

--
-- Dumping data for table `config`
--

INSERT INTO `config` (`id`, `chiave`, `valore`, `created_at`, `updated_at`) VALUES
(1, 'dataInizio1', '2015-06-15', '2015-05-29 05:33:53', '2015-05-29 05:33:53'),
(2, 'dataFine1', '2015-07-15', '2015-05-29 05:33:53', '2015-05-29 05:33:53'),
(3, 'dataInizio2', '2015-09-15', '2015-05-29 05:33:53', '2015-05-29 05:33:53'),
(4, 'dataFine2', '2015-10-15', '2015-05-29 05:33:53', '2015-05-29 05:33:53'),
(5, 'dataInizio3', '2016-04-15', '2015-05-29 05:33:53', '2015-05-29 05:33:53'),
(6, 'dataFine3', '2016-05-15', '2015-05-29 05:33:54', '2015-05-29 05:33:54'),
(7, 'path', '/home/progettoStage/documenti/modelli/', '0000-00-00 00:00:00', '0000-00-00 00:00:00');

-- --------------------------------------------------------

--
-- Table structure for table `migrations`
--

CREATE TABLE IF NOT EXISTS `migrations` (
  `migration` varchar(255) COLLATE utf8_unicode_ci NOT NULL,
  `batch` int(11) NOT NULL
) ENGINE=InnoDB DEFAULT CHARSET=utf8 COLLATE=utf8_unicode_ci;

--
-- Dumping data for table `migrations`
--

INSERT INTO `migrations` (`migration`, `batch`) VALUES
('2015_04_24_133139_create_table_aziende', 1),
('2015_04_24_133150_create_table_studenti', 1),
('2015_04_24_133156_create_table_stage', 1),
('2015_04_24_133202_create_table_partecipazioneStage', 1),
('2015_04_24_133229_create_table_tutorScuola', 1),
('2015_04_24_133251_aggiunta_colonna_stage', 1),
('2015_04_24_133258_create_table_classi', 1),
('2015_04_24_133313_aggiunta_colonna_studente', 1),
('2015_05_07_062331_create_table_periodi', 1),
('2015_05_07_062830_create_table_config', 1),
('2015_06_03_080131_create_table_users', 2);

-- --------------------------------------------------------

--
-- Table structure for table `partecipazione_stage`
--

CREATE TABLE IF NOT EXISTS `partecipazione_stage` (
  `id` int(10) unsigned NOT NULL AUTO_INCREMENT,
  `studente_id` int(10) unsigned NOT NULL,
  `stage_id` int(10) unsigned NOT NULL,
  `created_at` timestamp NOT NULL DEFAULT '0000-00-00 00:00:00',
  `updated_at` timestamp NOT NULL DEFAULT '0000-00-00 00:00:00',
  PRIMARY KEY (`id`),
  KEY `partecipazione_stage_studente_id_foreign` (`studente_id`),
  KEY `partecipazione_stage_stage_id_foreign` (`stage_id`)
) ENGINE=InnoDB  DEFAULT CHARSET=utf8 COLLATE=utf8_unicode_ci AUTO_INCREMENT=22 ;

--
-- Dumping data for table `partecipazione_stage`
--

INSERT INTO `partecipazione_stage` (`id`, `studente_id`, `stage_id`, `created_at`, `updated_at`) VALUES
(4, 317, 3, '2015-05-29 09:14:31', '2015-05-29 09:14:31'),
(5, 197, 4, '2015-05-29 09:37:22', '2015-05-29 09:37:22'),
(6, 287, 5, '2015-05-29 09:44:57', '2015-05-29 09:44:57'),
(7, 283, 6, '2015-05-29 10:29:57', '2015-05-29 10:29:57'),
(9, 60, 8, '2015-06-03 09:42:42', '2015-06-03 09:42:42'),
(10, 61, 9, '2015-06-03 09:57:54', '2015-06-03 09:57:54'),
(11, 55, 10, '2015-06-05 04:57:47', '2015-06-05 04:57:47'),
(12, 223, 11, '2015-06-05 05:53:42', '2015-06-05 05:53:42'),
(13, 376, 12, '2015-06-05 05:59:12', '2015-06-05 05:59:12'),
(14, 63, 13, '2015-06-05 06:08:30', '2015-06-05 06:08:30'),
(15, 432, 14, '2015-06-05 06:12:02', '2015-06-05 06:12:02'),
(16, 373, 15, '2015-06-05 06:34:47', '2015-06-05 06:34:47'),
(17, 279, 16, '2015-06-05 06:40:36', '2015-06-05 06:40:36'),
(18, 312, 17, '2015-06-05 06:54:49', '2015-06-05 06:54:49'),
(19, 62, 18, '2015-06-05 07:21:25', '2015-06-05 07:21:25'),
(20, 235, 18, '2015-06-05 07:21:25', '2015-06-05 07:21:25'),
(21, 78, 19, '2015-06-06 06:45:01', '2015-06-06 06:45:01');

-- --------------------------------------------------------

--
-- Table structure for table `periodi`
--

CREATE TABLE IF NOT EXISTS `periodi` (
  `id` int(10) unsigned NOT NULL AUTO_INCREMENT,
  `dataInizio` date NOT NULL,
  `dataFine` date NOT NULL,
  `partecipazione_stage_id` int(10) unsigned NOT NULL,
  `created_at` timestamp NOT NULL DEFAULT '0000-00-00 00:00:00',
  `updated_at` timestamp NOT NULL DEFAULT '0000-00-00 00:00:00',
  PRIMARY KEY (`id`),
  KEY `periodi_partecipazione_stage_id_foreign` (`partecipazione_stage_id`)
) ENGINE=InnoDB  DEFAULT CHARSET=utf8 COLLATE=utf8_unicode_ci AUTO_INCREMENT=22 ;

--
-- Dumping data for table `periodi`
--

INSERT INTO `periodi` (`id`, `dataInizio`, `dataFine`, `partecipazione_stage_id`, `created_at`, `updated_at`) VALUES
(4, '2015-06-08', '2015-07-03', 4, '2015-05-29 09:14:31', '2015-05-29 09:14:31'),
(5, '2015-06-15', '2015-07-31', 5, '2015-05-29 09:37:22', '2015-05-29 09:37:22'),
(6, '2015-07-16', '2015-07-31', 6, '2015-05-29 09:44:57', '2015-05-29 09:44:57'),
(7, '2015-07-15', '2015-07-31', 7, '2015-05-29 10:29:57', '2015-05-29 10:29:57'),
(9, '2015-06-09', '2015-06-26', 9, '2015-06-03 09:42:42', '2015-06-03 09:42:42'),
(10, '2015-06-09', '2015-06-26', 10, '2015-06-03 09:57:54', '2015-06-03 09:57:54'),
(11, '2015-06-09', '2015-06-22', 11, '2015-06-05 04:57:47', '2015-06-05 04:57:47'),
(12, '2015-06-09', '2015-06-27', 12, '2015-06-05 05:53:42', '2015-06-05 05:53:42'),
(13, '2015-06-09', '2015-07-03', 13, '2015-06-05 05:59:12', '2015-06-05 05:59:12'),
(14, '2015-06-09', '2015-07-07', 14, '2015-06-05 06:08:30', '2015-06-05 06:08:30'),
(15, '2015-06-10', '2015-07-31', 15, '2015-06-05 06:12:02', '2015-06-05 06:12:02'),
(16, '2015-06-10', '2015-06-30', 16, '2015-06-05 06:34:47', '2015-06-05 06:34:47'),
(17, '2015-06-10', '2015-07-17', 17, '2015-06-05 06:40:36', '2015-06-05 06:40:36'),
(18, '2015-06-10', '2015-06-24', 18, '2015-06-05 06:54:49', '2015-06-05 06:54:49'),
(19, '2015-06-15', '2015-07-03', 19, '2015-06-05 07:21:25', '2015-06-05 07:21:25'),
(20, '2015-06-15', '2015-06-19', 20, '2015-06-05 07:21:25', '2015-06-05 07:21:25'),
(21, '2015-06-01', '2015-06-13', 21, '2015-06-06 06:45:01', '2015-06-06 06:45:01');

-- --------------------------------------------------------

--
-- Table structure for table `stage`
--

CREATE TABLE IF NOT EXISTS `stage` (
  `id` int(10) unsigned NOT NULL AUTO_INCREMENT,
  `numero` varchar(255) COLLATE utf8_unicode_ci NOT NULL,
  `descrizione` varchar(255) COLLATE utf8_unicode_ci NOT NULL,
  `tipo` varchar(255) COLLATE utf8_unicode_ci NOT NULL,
  `archiviato` tinyint(1) NOT NULL,
  `created_at` timestamp NOT NULL DEFAULT '0000-00-00 00:00:00',
  `updated_at` timestamp NOT NULL DEFAULT '0000-00-00 00:00:00',
  `azienda_id` int(10) unsigned NOT NULL,
  `tutor_scuola_id` int(10) unsigned NOT NULL,
  PRIMARY KEY (`id`),
  KEY `stage_azienda_id_foreign` (`azienda_id`),
  KEY `stage_tutor_scuola_id_foreign` (`tutor_scuola_id`)
) ENGINE=InnoDB  DEFAULT CHARSET=utf8 COLLATE=utf8_unicode_ci AUTO_INCREMENT=20 ;

--
-- Dumping data for table `stage`
--

INSERT INTO `stage` (`id`, `numero`, `descrizione`, `tipo`, `archiviato`, `created_at`, `updated_at`, `azienda_id`, `tutor_scuola_id`) VALUES
(3, '1', 'Generato', 'Stage Estivo', 0, '2015-05-29 09:14:31', '2015-05-29 09:14:31', 56, 10),
(4, '2', 'Generato', 'Stage Estivo', 0, '2015-05-29 09:37:22', '2015-05-29 09:37:22', 57, 11),
(5, '3', 'Generato', 'Stage Estivo', 0, '2015-05-29 09:44:57', '2015-05-29 09:44:57', 58, 10),
(6, '4', 'Generato', 'Stage Estivo', 0, '2015-05-29 10:29:57', '2015-05-29 10:29:57', 59, 10),
(8, '5', 'Generato', 'Stage Estivo', 0, '2015-06-03 09:42:42', '2015-06-03 09:42:42', 9, 18),
(9, '6', 'Generato', 'Stage Estivo', 0, '2015-06-03 09:57:54', '2015-06-03 09:57:54', 3, 18),
(10, '7', 'Generato', 'Stage Estivo', 0, '2015-06-05 04:57:46', '2015-06-05 04:57:46', 1, 18),
(11, '8', 'Generato', 'Stage Estivo', 0, '2015-06-05 05:53:42', '2015-06-05 05:53:42', 61, 14),
(12, '9', 'Generato', 'Stage Estivo', 0, '2015-06-05 05:59:11', '2015-06-05 05:59:11', 39, 16),
(13, '10', 'Generato', 'Stage Estivo', 0, '2015-06-05 06:08:30', '2015-06-05 06:08:30', 2, 18),
(14, '', 'Generato', 'Stage Estivo', 0, '2015-06-05 06:12:02', '2015-06-05 06:12:02', 35, 16),
(15, '12', 'Generato', 'Stage Estivo', 0, '2015-06-05 06:34:47', '2015-06-05 06:34:47', 37, 16),
(16, '13', 'Generato', 'Stage Estivo', 0, '2015-06-05 06:40:36', '2015-06-05 06:40:36', 62, 10),
(17, '14', 'Generato', 'Stage Estivo', 0, '2015-06-05 06:54:49', '2015-06-05 06:54:49', 63, 11),
(18, '15', 'Generato', 'Stage Estivo', 0, '2015-06-05 07:21:25', '2015-06-05 07:21:25', 64, 18),
(19, '14', 'Generato', 'Alternanza', 0, '2015-06-06 06:45:01', '2015-06-06 06:45:01', 125, 10);

-- --------------------------------------------------------

--
-- Table structure for table `studenti`
--

CREATE TABLE IF NOT EXISTS `studenti` (
  `id` int(10) unsigned NOT NULL AUTO_INCREMENT,
  `matricola` int(11) NOT NULL,
  `nome` varchar(255) COLLATE utf8_unicode_ci NOT NULL,
  `cognome` varchar(255) COLLATE utf8_unicode_ci NOT NULL,
  `CF` varchar(255) COLLATE utf8_unicode_ci NOT NULL,
  `dataNascita` date NOT NULL,
  `comuneNascita` varchar(255) COLLATE utf8_unicode_ci NOT NULL,
  `indirizzo` varchar(255) COLLATE utf8_unicode_ci NOT NULL,
  `comuneResidenza` varchar(255) COLLATE utf8_unicode_ci NOT NULL,
  `articolazione` varchar(255) COLLATE utf8_unicode_ci NOT NULL,
  `created_at` timestamp NOT NULL DEFAULT '0000-00-00 00:00:00',
  `updated_at` timestamp NOT NULL DEFAULT '0000-00-00 00:00:00',
  `classe_id` int(10) unsigned NOT NULL,
  PRIMARY KEY (`id`),
  KEY `studenti_classe_id_foreign` (`classe_id`)
) ENGINE=InnoDB  DEFAULT CHARSET=utf8 COLLATE=utf8_unicode_ci AUTO_INCREMENT=461 ;

--
-- Dumping data for table `studenti`
--

INSERT INTO `studenti` (`id`, `matricola`, `nome`, `cognome`, `CF`, `dataNascita`, `comuneNascita`, `indirizzo`, `comuneResidenza`, `articolazione`, `created_at`, `updated_at`, `classe_id`) VALUES
(1, 0, 'SIMONE', 'BARI', 'BRASMN97T28E507I', '1997-12-28', 'LECCO', 'VIA S. MARIA, 44/A', 'OLGINATE', 'INFORMATICA', '2015-05-29 05:55:07', '2015-05-29 05:55:07', 1),
(2, 0, 'ALESSANDRO', 'BARILI', 'BRLLSN97A05E507D', '1997-01-05', 'LECCO', 'VIA BOLDONI, 1/L', 'BELLANO', 'INFORMATICA', '2015-05-29 05:55:07', '2015-05-29 05:55:07', 1),
(3, 0, 'GIUSEPPE', 'BARLETTA', 'BRLGPP97C24E063D', '1997-03-24', 'GIUSSANO', 'VICOLO DELLA ROSA 2/A', 'VEDUGGIO CON COLZANO', 'INFORMATICA', '2015-05-29 05:55:07', '2015-05-29 05:55:07', 1),
(4, 0, 'MATTIA', 'BERNASCONI', 'BRNMTT97P11E507S', '1997-09-11', 'LECCO', 'VIA BELFIORE 74', 'LECCO', 'INFORMATICA', '2015-05-29 05:55:07', '2015-05-29 05:55:07', 1),
(5, 0, 'LUCA', 'BERTARINI', 'BRTLCU97B16E507P', '1997-02-16', 'LECCO', 'VIA ALLA VOLTA, 22/b', 'LIERNA', 'INFORMATICA', '2015-05-29 05:55:07', '2015-05-29 05:55:07', 1),
(6, 0, 'ALESSANDRO', 'BIANCHI', 'BNCLSN96D04E507B', '1996-04-04', 'LECCO', 'VIA RISORGIMENTO N. 18/A', 'ABBADIA LARIANA', 'INFORMATICA', '2015-05-29 05:55:07', '2015-05-29 05:55:07', 1),
(7, 0, 'LUCA', 'BONACINA', 'BNCLCU97P26E507G', '1997-09-26', 'LECCO', 'VIA DONIZETTI20', 'MONTE MARENZO', 'INFORMATICA', '2015-05-29 05:55:07', '2015-05-29 05:55:07', 1),
(8, 0, 'NICOLA', 'CASTELLETTI', 'CSTNCL97B18E507S', '1997-02-18', 'LECCO', 'VIA CANTARELLI 10', 'LECCO', 'INFORMATICA', '2015-05-29 05:55:07', '2015-05-29 05:55:07', 1),
(9, 0, 'GABRIELE', 'DE MATTIA', 'DMTGRL96E13E507G', '1996-05-13', 'LECCO', 'VIA BUON CONSIGLIO, 57', 'VALMADRERA', 'INFORMATICA', '2015-05-29 05:55:07', '2015-05-29 05:55:07', 1),
(10, 0, 'JUAN DAVID', 'FORERO BETANCOURT', 'FRRJDV97E27Z604Y', '1997-05-27', 'COLOMBIA', 'VIA XXV APRILE,17', 'OLGINATE', 'INFORMATICA', '2015-05-29 05:55:07', '2015-05-29 05:55:07', 1),
(11, 0, 'SIMONE', 'LA GATTA', 'LGTSMN97A19E507C', '1997-01-19', 'LECCO', 'VIA ALL''ASILO 17', 'ABBADIA LARIANA', 'INFORMATICA', '2015-05-29 05:55:07', '2015-05-29 05:55:07', 1),
(12, 0, 'MARCO', 'LANFRANCHI', 'LNFMRC97D15E507F', '1997-04-15', 'LECCO', 'VIA CROLLALANZA, 5', 'LECCO', 'INFORMATICA', '2015-05-29 05:55:07', '2015-05-29 05:55:07', 1),
(13, 0, 'VALERIO', 'LOCATELLI', 'LCTVLR96L14E507H', '1996-07-14', 'LECCO', 'VIA CASTAGNETI, 3/G', 'PASTURO', 'INFORMATICA', '2015-05-29 05:55:08', '2015-05-29 05:55:08', 1),
(14, 0, 'BRUNO', 'PASHAJ', 'PSHBRN96P19Z100I', '1996-09-19', 'VALONA', 'VIA BESONDA SUP. N.5', 'LECCO', 'INFORMATICA', '2015-05-29 05:55:08', '2015-05-29 05:55:08', 1),
(15, 0, 'TOMMASO', 'PETRIGNO', 'PTRTMS97H10E507K', '1997-06-10', 'LECCO', 'VIA  S.ALESSANDRO, 20', 'MONTE MARENZO', 'INFORMATICA', '2015-05-29 05:55:08', '2015-05-29 05:55:08', 1),
(16, 0, 'IACOPO', 'SPREAFICO', 'SPRCPI97C21E507N', '1997-03-21', 'LECCO', 'VICOLO SAN GIOVANNI 4', 'AIRUNO', 'INFORMATICA', '2015-05-29 05:55:08', '2015-05-29 05:55:08', 1),
(17, 0, 'ANDREA', 'TABBI', 'TBBNDR96C14E573V', '1996-03-14', 'LICATA', 'VIA ROMA,15', 'VERCURAGO', 'INFORMATICA', '2015-05-29 05:55:08', '2015-05-29 05:55:08', 1),
(18, 0, 'MOEID', 'TAVAKOLI', 'TVKMDO96B02Z224N', '1996-02-02', 'ESFAHAN', 'VIA PETRARCA, 6', 'LECCO', 'INFORMATICA', '2015-05-29 05:55:08', '2015-05-29 05:55:08', 1),
(19, 0, 'RICCARDO', 'TESTA', 'TSTRCR98B02E507X', '1998-02-02', 'LECCO', 'VIA BERTOLA 9/B', 'MANDELLO DEL LARIO', 'INFORMATICA', '2015-05-29 05:55:08', '2015-05-29 05:55:08', 1),
(20, 0, 'CLAUDIO', 'TOCCHETTI', 'TCCCLD97S28E507V', '1997-11-28', 'LECCO', 'VIA AZZONE VISCONTI, 70', 'LECCO', 'INFORMATICA', '2015-05-29 05:55:08', '2015-05-29 05:55:08', 1),
(21, 0, 'LEONARDO', 'TOTARO', 'TTRLRD97M29D643F', '1997-08-29', 'FOGGIA', 'V. IV NOVEMBRE 10', 'VERCURAGO', 'INFORMATICA', '2015-05-29 05:55:08', '2015-05-29 05:55:08', 1),
(22, 0, 'GIANLUCA', 'VAGO', 'VGAGLC96R12E507A', '1996-10-12', 'LECCO', 'VIA BELFIORE 15', 'LECCO', 'INFORMATICA', '2015-05-29 05:55:08', '2015-05-29 05:55:08', 1),
(23, 0, 'MATTIA', 'VITALE', 'VTLMTT97P28E507I', '1997-09-28', 'LECCO', 'VIA ARTIGIANI, 10/A', 'OLGINATE', 'INFORMATICA', '2015-05-29 05:55:08', '2015-05-29 05:55:08', 1),
(24, 0, 'ROBERTO', 'ARNOLDI', 'RNLRRT97E07E507B', '1997-05-07', 'LECCO', 'VIA XX SETTEMBRE, 11', 'DERVIO', 'AUTOMAZIONE', '2015-05-29 05:55:52', '2015-05-29 05:55:52', 2),
(25, 0, 'CRISTIAN', 'BINDA', 'BNDCST96L06D416X', '1996-07-06', 'ERBA', 'VIALE PIAVE 19', 'ROGENO', 'AUTOMAZIONE', '2015-05-29 05:55:52', '2015-05-29 05:55:52', 2),
(26, 0, 'MORENO', 'BOLIS', 'BLSMRN97E07E507O', '1997-05-07', 'LECCO', 'VIA COSTALOTTIERE, 11', 'ERVE', 'AUTOMAZIONE', '2015-05-29 05:55:52', '2015-05-29 05:55:52', 2),
(27, 0, 'LUCA', 'CANALI', 'CNLLCU97M20D416F', '1997-08-20', 'ERBA', 'VIA ROSSI 21', 'SUELLO', 'AUTOMAZIONE', '2015-05-29 05:55:52', '2015-05-29 05:55:52', 2),
(28, 0, 'RICCARDO', 'COLOMBO', 'CLMRCR96S07F133O', '1996-11-07', 'MERATE', 'VIA C. COLOMBO, 19', 'VALGREGHENTINO', 'AUTOMAZIONE', '2015-05-29 05:55:52', '2015-05-29 05:55:52', 2),
(29, 0, 'EDOARDO FILIPPO', 'CORTI', 'CRTDDF97E28E507N', '1997-05-28', 'LECCO', 'VIALE DELLA COSTITUZIONE,24', 'MANDELLO DEL LARIO', 'AUTOMAZIONE', '2015-05-29 05:55:52', '2015-05-29 05:55:52', 2),
(30, 0, 'STEFANO', 'CORTI', 'CRTSFN97H26E507U', '1997-06-26', 'LECCO', 'VIA STELLA DIANA N. 21', 'CIVATE', 'AUTOMAZIONE', '2015-05-29 05:55:52', '2015-05-29 05:55:52', 2),
(31, 0, 'VITTORIO', 'CORTI', 'CRTVTR97A05E507I', '1997-01-05', 'LECCO', 'C.SO MARTIRI DELLA LIBER.NE,161', 'LECCO', 'AUTOMAZIONE', '2015-05-29 05:55:52', '2015-05-29 05:55:52', 2),
(32, 0, 'GIOVANNI', 'CRIMELLA', 'CRMGNN97S28E507S', '1997-11-28', 'LECCO', 'VIA SAN ALESSANDRO, 22', 'GALBIATE', 'AUTOMAZIONE', '2015-05-29 05:55:52', '2015-05-29 05:55:52', 2),
(33, 0, 'CHOUAIB', 'FAOUZI', 'FZACHB96M24Z330V', '1996-08-24', 'CASABLANCA', 'LOCALITA'' TORRICELLA, 1', 'CALCO', 'AUTOMAZIONE', '2015-05-29 05:55:52', '2015-05-29 05:55:52', 2),
(34, 0, 'GIOVANNI', 'GALEPPI', 'GLPGNN97R23F158M', '1997-10-23', 'MESSINA', 'VIA DE GASPERI, 17/B', 'LECCO', 'AUTOMAZIONE', '2015-05-29 05:55:52', '2015-05-29 05:55:52', 2),
(35, 0, 'ANGELO', 'MOLTENI', 'MLTNGL97H27E507Y', '1997-06-27', 'LECCO', 'VIA A. DE GASPERI 15', 'GALBIATE', 'AUTOMAZIONE', '2015-05-29 05:55:52', '2015-05-29 05:55:52', 2),
(36, 0, 'ALESSANDRO', 'MONTANARI', 'MNTLSN97E13E507E', '1997-05-13', 'LECCO', 'VIA AZZECCAGARBUGLI, 20/B', 'LECCO', 'AUTOMAZIONE', '2015-05-29 05:55:52', '2015-05-29 05:55:52', 2),
(37, 0, 'ERIC', 'NASAZZI', 'NSZRCE97C26E507P', '1997-03-26', 'LECCO', 'VIA SAN NICOLO'' , 6', 'LIERNA', 'AUTOMAZIONE', '2015-05-29 05:55:52', '2015-05-29 05:55:52', 2),
(38, 0, 'ANTONIO', 'ROSSI', 'RSSNTN97B16E507A', '1997-02-16', 'LECCO', 'V. PROVINCIALE 32', 'PRIMALUNA', 'AUTOMAZIONE', '2015-05-29 05:55:52', '2015-05-29 05:55:52', 2),
(39, 0, 'ANDREA', 'RUSCONI', 'RSCNDR97H04E507A', '1997-06-04', 'LECCO', 'VIA C. CATTANEO, 31', 'LECCO', 'AUTOMAZIONE', '2015-05-29 05:55:52', '2015-05-29 05:55:52', 2),
(40, 0, 'DAVIDE', 'RUSCONI', 'RSCDVD96H11E507W', '1996-06-11', 'LECCO', 'VIA A. MANZONI, 35', 'MONTE MARENZO', 'AUTOMAZIONE', '2015-05-29 05:55:52', '2015-05-29 05:55:52', 2),
(41, 0, 'MARCO', 'RUSCONI', 'RSCMRC97C13E507Y', '1997-03-13', 'LECCO', 'VIA ROCCA 7', 'VALMADRERA', 'AUTOMAZIONE', '2015-05-29 05:55:52', '2015-05-29 05:55:52', 2),
(42, 0, 'DAVIDE', 'SALA', 'SLADVD97H17C933G', '1997-06-17', 'COMO', 'VIA MADONNINA 119', 'CASATENOVO', 'AUTOMAZIONE', '2015-05-29 05:55:52', '2015-05-29 05:55:52', 2),
(43, 0, 'FEDERICO', 'STAFFA', 'STFFRC97R15F133U', '1997-10-15', 'MERATE', 'VIA FOPPETTA, 7', 'MERATE', 'AUTOMAZIONE', '2015-05-29 05:55:52', '2015-05-29 05:55:52', 2),
(44, 0, 'ALBERTO', 'TEGIACCHI', 'TGCLRT96T21E507K', '1996-12-21', 'LECCO', 'VIA PREGUDA, 65', 'VALMADRERA', 'AUTOMAZIONE', '2015-05-29 05:55:53', '2015-05-29 05:55:53', 2),
(45, 0, 'MATTEO', 'VACCARI', 'VCCMTT97P18D416L', '1997-09-18', 'ERBA', 'VIA BAINSIZZA 24', 'LECCO', 'AUTOMAZIONE', '2015-05-29 05:55:53', '2015-05-29 05:55:53', 2),
(46, 0, 'MATTEO', 'BERETTA', 'BRTMTT97C31E507Q', '1997-03-31', 'LECCO', 'VIA ROMA, 4', 'SIRONE', 'LICEO', '2015-05-29 05:56:36', '2015-05-29 05:56:36', 3),
(47, 0, 'DAVIDE', 'BONACINA', 'BNCDVD97B07F712D', '1997-02-07', 'MORBEGNO', 'VIA LEZZENO, 23', 'BELLANO', 'LICEO', '2015-05-29 05:56:36', '2015-05-29 05:56:36', 3),
(48, 0, 'SARA', 'BUZZI', 'BZZSRA97T45E507L', '1997-12-05', 'LECCO', 'VIA S. STEFANO, 7', 'LECCO', 'LICEO', '2015-05-29 05:56:36', '2015-05-29 05:56:36', 3),
(49, 0, 'LEONARDO', 'CIAPPESONI', 'CPPLRD97C26E507Z', '1997-03-26', 'LECCO', 'VIA DEI PARTIGIANI 6', 'MANDELLO DEL LARIO', 'LICEO', '2015-05-29 05:56:36', '2015-05-29 05:56:36', 3),
(50, 0, 'ALESSANDRO', 'COLOMBO', 'CLMLSN97T19E507M', '1997-12-19', 'LECCO', 'VIA LE BALZE,1', 'ELLO', 'LICEO', '2015-05-29 05:56:36', '2015-05-29 05:56:36', 3),
(51, 0, 'CLAUDIO ALBERTO', 'DAHO''', 'DHACDL97A03E507B', '1997-01-03', 'LECCO', 'VIA GHISLANZONI 2', 'LECCO', 'LICEO', '2015-05-29 05:56:36', '2015-05-29 05:56:36', 3),
(52, 0, 'PIETRO', 'DELL''ERA', 'DLLPTR97P24D416I', '1997-09-24', 'ERBA', 'VIA BOLZANO, 1', 'LECCO', 'LICEO', '2015-05-29 05:56:36', '2015-05-29 05:56:36', 3),
(53, 0, 'PAOLA', 'FRIGERIO', 'FRGPLA97S51E507N', '1997-11-11', 'LECCO', 'VIA DON L.MONZA,30', 'LECCO', 'LICEO', '2015-05-29 05:56:36', '2015-05-29 05:56:36', 3),
(54, 0, 'ANDREA', 'GERMINI', 'GRMNDR97M24L682B', '1997-08-24', 'VARESE', 'VIA  FONTANA 6', 'VALMADRERA', 'LICEO', '2015-05-29 05:56:37', '2015-05-29 05:56:37', 3),
(55, 0, 'MARCO', 'GIORDA', 'GRDMRC97P22D416X', '1997-09-22', 'ERBA', 'VIA CAlCHIROLA, 21/L', 'BOSISIO PARINI', 'LICEO', '2015-05-29 05:56:37', '2015-05-29 05:56:37', 3),
(56, 0, 'CHIARA', 'MUZIO', 'MZUCHR97M71E507A', '1997-08-31', 'LECCO', 'SENTIERO CARBE`3/B', 'MANDELLO DEL LARIO', 'LICEO', '2015-05-29 05:56:37', '2015-05-29 05:56:37', 3),
(57, 0, 'FEDORA', 'OLIVADESE', 'LVDFDR97H56E507E', '1997-06-16', 'LECCO', 'VIA DON MINZONI 8', 'LECCO', 'LICEO', '2015-05-29 05:56:37', '2015-05-29 05:56:37', 3),
(58, 0, 'MATTIA', 'PANZERI', 'PNZMTT97E10E507B', '1997-05-10', 'LECCO', 'VIA DELL'' INDUSTRIA, 1', 'SIRONE', 'LICEO', '2015-05-29 05:56:37', '2015-05-29 05:56:37', 3),
(59, 0, 'LAURA', 'PELACCHI', 'PLCLRA97T59E507K', '1997-12-19', 'LECCO', 'PER MAGGIANA,30/2', 'MANDELLO DEL LARIO', 'LICEO', '2015-05-29 05:56:37', '2015-05-29 05:56:37', 3),
(60, 0, 'CRISTIAN', 'RONCONI', 'RNCCST97D08E507R', '1997-04-08', 'LECCO', 'VIA LEOPARDI N.12', 'GARBAGNATE MONASTERO', 'LICEO', '2015-05-29 05:56:37', '2015-05-29 05:56:37', 3),
(61, 0, 'GIANLUCA', 'RUSCONI', 'RSCGLC97R10E507L', '1997-10-10', 'LECCO', 'VIA CONCORDIA 7', 'VALMADRERA', 'LICEO', '2015-05-29 05:56:37', '2015-05-29 05:56:37', 3),
(62, 0, 'MATTIA', 'SELVA', 'SLVMTT97R07E507J', '1997-10-07', 'LECCO', 'LOC. SORAGNA, 1', 'CREMENO', 'LICEO', '2015-05-29 05:56:37', '2015-05-29 05:56:37', 3),
(63, 0, 'LORENZO', 'TAGLIAFERRI', 'TGLLNZ97P20F133Z', '1997-09-20', 'MERATE', 'VIA ITALIA, n.23', 'AIRUNO', 'LICEO', '2015-05-29 05:56:37', '2015-05-29 05:56:37', 3),
(64, 0, 'DAVIDE', 'ANESETTI', 'NSTDVD97S19E507I', '1997-11-19', 'LECCO', 'VIA VARCA 2', 'PRIMALUNA', 'MECCANICA', '2015-05-29 05:56:50', '2015-05-29 05:56:50', 4),
(65, 0, 'STEFANO', 'AROSIO', 'RSASFN96A29F704X', '1996-01-29', 'MONZA', 'VIA LARIANA,52', 'COLLE BRIANZA', 'MECCANICA', '2015-05-29 05:56:50', '2015-05-29 05:56:50', 4),
(66, 0, 'EZIO', 'BERGAMINI', 'BRGZEI97C24E507W', '1997-03-24', 'LECCO', 'VIA DAMIANO ARRIGONI, 16', 'INTROBIO', 'MECCANICA', '2015-05-29 05:56:50', '2015-05-29 05:56:50', 4),
(67, 0, 'CHERYL', 'BRAMBILLA', 'BRMCRY97C47D434R', '1997-03-07', 'ESINE', 'VIA ROMA, 17', 'LOMAGNA', 'MECCANICA', '2015-05-29 05:56:50', '2015-05-29 05:56:50', 4),
(68, 0, 'ANDREA', 'BRENNA', 'BRNNDR96R19E507J', '1996-10-19', 'LECCO', 'VIA CELLINI, 12', 'LECCO', 'MECCANICA', '2015-05-29 05:56:50', '2015-05-29 05:56:50', 4),
(69, 0, 'LUCA', 'CRESTAN', 'CRSLCU97A07C623M', '1997-01-07', 'CHIAVENNA', 'VIA PALESTRO, 2', 'LECCO', 'MECCANICA', '2015-05-29 05:56:50', '2015-05-29 05:56:50', 4),
(70, 0, 'ABDOULAYE', 'DABRE''', 'DBRBLY92P14Z354X', '1992-09-14', 'BOUAKE', 'VIA G. DI VITTORIO, 9', 'CALOLZIOCORTE', 'MECCANICA', '2015-05-29 05:56:50', '2015-05-29 05:56:50', 4),
(71, 0, 'GIOELE', 'FUMAGALLI', 'FMGGLI97M01F133P', '1997-08-01', 'MERATE', 'VIA C. BATTISTI 8/C', 'OLGIATE MOLGORA', 'MECCANICA', '2015-05-29 05:56:50', '2015-05-29 05:56:50', 4),
(72, 0, 'FRANCESCO', 'GHISLENI', 'GHSFNC97B07E507K', '1997-02-07', 'LECCO', 'FRAZ. BUTTELLO,1', 'VALGREGHENTINO', 'MECCANICA', '2015-05-29 05:56:50', '2015-05-29 05:56:50', 4),
(73, 0, 'DANTE', 'GILARDI', 'GLRDNT97D27E507I', '1997-04-27', 'LECCO', 'VIA DE GASPERI, 4/G', 'VALGREGHENTINO', 'MECCANICA', '2015-05-29 05:56:50', '2015-05-29 05:56:50', 4),
(74, 0, 'SIMONE', 'IVAN', 'VNISMN97L27E507U', '1997-07-27', 'LECCO', 'VIA CASA PARADISO, 1', 'MOLTENO', 'MECCANICA', '2015-05-29 05:56:50', '2015-05-29 05:56:50', 4),
(75, 0, 'DANIELE', 'MAGGI', 'MGGDNL95L21E507J', '1995-07-21', 'LECCO', 'VIA DEL PONTE, 20', 'CIVATE', 'MECCANICA', '2015-05-29 05:56:50', '2015-05-29 05:56:50', 4),
(76, 0, 'MATTEO', 'MANTOVA', 'MNTMTT97E17F712R', '1997-05-17', 'MORBEGNO', 'VIA ALLO ZUCCO, 3', 'PERLEDO', 'MECCANICA', '2015-05-29 05:56:51', '2015-05-29 05:56:51', 4),
(77, 0, 'ROBERTO', 'PASSONI', 'PSSRRT96R28M052A', '1996-10-28', 'VIMERCATE', 'VIA PASTORE 4', 'CARNATE', 'MECCANICA', '2015-05-29 05:56:51', '2015-05-29 05:56:51', 4),
(78, 0, 'MATTIA', 'RIPAMONTI', 'RPMMTT97P12E507B', '1997-09-12', 'LECCO', 'VIA PARZANELLA SUP.3', 'VALGREGHENTINO', 'MECCANICA', '2015-05-29 05:56:51', '2015-05-29 05:56:51', 4),
(79, 0, 'EDOARDO', 'SALA', 'SLADRD96S27E507A', '1996-11-27', 'LECCO', 'VIA PER ESINO, 2', 'PERLEDO', 'MECCANICA', '2015-05-29 05:56:51', '2015-05-29 05:56:51', 4),
(80, 0, 'STEFANO', 'SPREAFICO', 'SPRSFN97S24E507I', '1997-11-24', 'LECCO', 'VIA CASTAGNETO, 12', 'MALGRATE', 'MECCANICA', '2015-05-29 05:56:51', '2015-05-29 05:56:51', 4),
(81, 0, 'THOMAS', 'STASZEK', 'STSTMS96P08E507Z', '1996-09-08', 'LECCO', 'VIA FONTANA NEBBIANA, 3', 'CREMENO', 'MECCANICA', '2015-05-29 05:56:51', '2015-05-29 05:56:51', 4),
(82, 0, 'IVANO', 'AMATI', 'MTAVNI97L04E507G', '1997-07-04', 'LECCO', 'FRAZ. S. DIONIGI, 3/A', 'VALMADRERA', 'ELETTROTECNICA', '2015-05-29 05:57:04', '2015-05-29 05:57:04', 5),
(83, 0, 'DAVIDE', 'BONACINA', 'BNCDVD97D18E507T', '1997-04-18', 'LECCO', 'VIA FAVIRANO, 6', 'CALOLZIOCORTE', 'ELETTROTECNICA', '2015-05-29 05:57:04', '2015-05-29 05:57:04', 5),
(84, 0, 'THOMAS', 'CAVERIO', 'CVRTMS97S20F712E', '1997-11-20', 'MORBEGNO', 'VIA  E. FERMI, 1/E', 'PREMANA', 'ELETTROTECNICA', '2015-05-29 05:57:04', '2015-05-29 05:57:04', 5),
(85, 0, 'SAMUELE', 'DA RONCH', 'DRNSML97E15E507U', '1997-05-15', 'LECCO', 'VIA MONASTERO, 17', 'DERVIO', 'ELETTROTECNICA', '2015-05-29 05:57:04', '2015-05-29 05:57:04', 5),
(86, 0, 'LUCA', 'DE MARCHI', 'DMRLCU97C07L219V', '1997-03-07', 'TORINO', 'VIA CIPOLLINA 3', 'COLICO', 'ELETTROTECNICA', '2015-05-29 05:57:04', '2015-05-29 05:57:04', 5),
(87, 0, 'MICHELE', 'GAMBA', 'GMBMHL97E21E507K', '1997-05-21', 'LECCO', 'VIA CALOLZIO, 24', 'CARENNO', 'ELETTROTECNICA', '2015-05-29 05:57:04', '2015-05-29 05:57:04', 5),
(88, 0, 'MAURO', 'LOSA', 'LSOMRA97E01E507U', '1997-05-01', 'LECCO', 'VIA MANDAMENTALE 52/C', 'CALOLZIOCORTE', 'ELETTROTECNICA', '2015-05-29 05:57:04', '2015-05-29 05:57:04', 5),
(89, 0, 'FRANCESCO', 'MASCELLANI', 'MSCFNC97T16E507E', '1997-12-16', 'LECCO', 'VIA BAZZONA SUPERIORE, 5', 'GALBIATE', 'ELETTROTECNICA', '2015-05-29 05:57:04', '2015-05-29 05:57:04', 5),
(90, 0, 'MAURO', 'POMONI', 'PMNMRA97M24E151R', '1997-08-24', 'GRAVEDONA', 'VIA VALTELLINA, 1', 'PREMANA', 'ELETTROTECNICA', '2015-05-29 05:57:04', '2015-05-29 05:57:04', 5),
(91, 0, 'MATTIA', 'RIVIERA', 'RVRMTT97A14E507Z', '1997-01-14', 'LECCO', 'VIA S. NICOLO'', 19', 'LIERNA', 'ELETTROTECNICA', '2015-05-29 05:57:05', '2015-05-29 05:57:05', 5),
(92, 0, 'MATTEO', 'SANGALLI', 'SNGMTT97R24E507K', '1997-10-24', 'LECCO', 'VIA G. FALCONE 8', 'BALLABIO', 'ELETTROTECNICA', '2015-05-29 05:57:05', '2015-05-29 05:57:05', 5),
(93, 0, 'MATTEO', 'SPILLER', 'SPLMTT97B07E507Z', '1997-02-07', 'LECCO', 'VIA CARLO ALBERTO, 26/A', 'BELLANO', 'ELETTROTECNICA', '2015-05-29 05:57:05', '2015-05-29 05:57:05', 5),
(94, 0, 'GIORGIO', 'TOMAINO', 'TMNGRG97B02E507D', '1997-02-02', 'LECCO', 'VIA C. BATTISTI, 13', 'CALOLZIOCORTE', 'ELETTROTECNICA', '2015-05-29 05:57:05', '2015-05-29 05:57:05', 5),
(95, 0, 'GABRIELE', 'VITTORI', 'VTTGRL97S26E507D', '1997-11-26', 'LECCO', 'VIA PREALPI, 38', 'PREMANA', 'ELETTROTECNICA', '2015-05-29 05:57:05', '2015-05-29 05:57:05', 5),
(96, 0, 'LUCA', 'ARIETI', 'RTALCU96E30E507I', '1996-05-30', 'LECCO', 'VIA SEGANTINI N. 44/2', 'MANDELLO DEL LARIO', 'ENERGIA', '2015-05-29 05:57:22', '2015-05-29 05:57:22', 6),
(97, 0, 'STEFANO', 'ARRIGONI', 'RRGSFN97P07E507K', '1997-09-07', 'LECCO', 'VIA L. TAVOLA, 35', 'VALGREGHENTINO', 'ENERGIA', '2015-05-29 05:57:22', '2015-05-29 05:57:22', 6),
(98, 0, 'ERICA', 'BARACHETTI', 'BRCRCE97B68E507F', '1997-02-28', 'LECCO', 'VIA UGO BASSI 19', 'LECCO', 'ENERGIA', '2015-05-29 05:57:22', '2015-05-29 05:57:22', 6),
(99, 0, 'SAMUELE', 'BRIVIO', 'BRVSML97M04B729O', '1997-08-04', 'CARATE BRIANZA', 'VIA XXV APRILE 19', 'OSNAGO', 'ENERGIA', '2015-05-29 05:57:22', '2015-05-29 05:57:22', 6),
(100, 0, 'ALESSIO', 'CASIRAGHI', 'CSRLSS97T01E507S', '1997-12-01', 'LECCO', 'VIA A. MORO, 72/1', 'MOLTENO', 'ENERGIA', '2015-05-29 05:57:22', '2015-05-29 05:57:22', 6),
(101, 0, 'RICCARDO', 'CAZZANIGA', 'CZZRCR97C27E507W', '1997-03-27', 'LECCO', 'VIA PUECHER, 62', 'MOLTENO', 'ENERGIA', '2015-05-29 05:57:22', '2015-05-29 05:57:22', 6),
(102, 0, 'ALESSANDRO', 'DI MICELI', 'DMCLSN97D04E507I', '1997-04-04', 'LECCO', 'VIA CORSICA53', 'DOLZAGO', 'ENERGIA', '2015-05-29 05:57:22', '2015-05-29 05:57:22', 6),
(103, 0, 'MATTEO', 'GADDI', 'GDDMTT97S10E507Q', '1997-11-10', 'LECCO', 'VIA DELL''ACQUA BIANCA, 6', 'MANDELLO DEL LARIO', 'ENERGIA', '2015-05-29 05:57:22', '2015-05-29 05:57:22', 6),
(104, 0, 'DANIELE', 'GELPI', 'GLPDNL97T28E507E', '1997-12-28', 'LECCO', 'VIA PROVINCIALE, 49', 'BALLABIO', 'ENERGIA', '2015-05-29 05:57:22', '2015-05-29 05:57:22', 6),
(105, 0, 'SIMONE', 'MANGILI', 'MNGSMN97D18E507C', '1997-04-18', 'LECCO', 'VIA DEL ROCCOLO 11', 'LECCO', 'ENERGIA', '2015-05-29 05:57:22', '2015-05-29 05:57:22', 6),
(106, 0, 'ANDREA', 'MASCALI', 'MSCNDR97R23E507B', '1997-10-23', 'LECCO', 'VIALE REPUBBLICA 15', 'ELLO', 'ENERGIA', '2015-05-29 05:57:22', '2015-05-29 05:57:22', 6),
(107, 0, 'LUCA', 'MOTTA', 'MTTLCU97A23E507D', '1997-01-23', 'LECCO', 'VIA DE GASPERI, 5', 'VALGREGHENTINO', 'ENERGIA', '2015-05-29 05:57:22', '2015-05-29 05:57:22', 6),
(108, 0, 'NICO', 'POMI', 'PMONCI97B01E507K', '1997-02-01', 'LECCO', 'VIA ROMA 19', 'TACENO', 'ENERGIA', '2015-05-29 05:57:22', '2015-05-29 05:57:22', 6),
(109, 0, 'LEONARDO', 'RANIERI', 'RNRLRD97C01E507O', '1997-03-01', 'LECCO', 'VIA E. TOTI 5', 'AIRUNO', 'ENERGIA', '2015-05-29 05:57:22', '2015-05-29 05:57:22', 6),
(110, 0, 'FRANCESCO', 'TAGLIABUE', 'TGLFNC97D21D416M', '1997-04-21', 'ERBA', 'VIA MEUCCI 1/A', 'ERBA', 'ENERGIA', '2015-05-29 05:57:22', '2015-05-29 05:57:22', 6),
(111, 0, 'ROBERTO', 'VISCARDI', 'VSCRRT97B22B729X', '1997-02-22', 'CARATE BRIANZA', 'VIA STATALE 63', 'PEREGO', 'ENERGIA', '2015-05-29 05:57:22', '2015-05-29 05:57:22', 6),
(112, 0, 'CLAUDIO', 'BENEDETTI', 'BNDCLD97A02E507T', '1997-01-02', 'LECCO', 'VIA CORSENA, 14', 'CASSINA VALSASSINA', 'MECCANICA', '2015-05-29 05:57:38', '2015-05-29 05:57:38', 7),
(113, 0, 'ALESSANDRO ANTONIO', 'CAVALLIER', 'CVLLSN97L26F133A', '1997-07-26', 'MERATE', 'VIA DEI PARTIGIANI46/A', 'MANDELLO DEL LARIO', 'MECCANICA', '2015-05-29 05:57:38', '2015-05-29 05:57:38', 7),
(114, 0, 'ALESSIO', 'CERVELIONE', 'CRVLSS98B24E507R', '1998-02-24', 'LECCO', 'VIA BEZZECCA, 22/D', 'LECCO', 'MECCANICA', '2015-05-29 05:57:38', '2015-05-29 05:57:38', 7),
(115, 0, 'SIMONE', 'CIMPANELLI', 'CMPSMN97T11E507Q', '1997-12-11', 'LECCO', 'V.LE TRIESTE 9', 'PASTURO', 'MECCANICA', '2015-05-29 05:57:38', '2015-05-29 05:57:38', 7),
(116, 0, 'ANDREA', 'CIRILLO', 'CRLNDR97T24E507U', '1997-12-24', 'LECCO', 'VIA L. MANARA, 3', 'LECCO', 'MECCANICA', '2015-05-29 05:57:38', '2015-05-29 05:57:38', 7),
(117, 0, 'SAMUEL', 'COLOMBO', 'CLMSML96M13E507M', '1996-08-13', 'LECCO', 'STRADA CONS.LE DELLE FOPPE N.6', 'OGGIONO', 'MECCANICA', '2015-05-29 05:57:38', '2015-05-29 05:57:38', 7),
(118, 0, 'ALESSANDRO', 'FILIPPELLI', 'FLPLSN95H16E507A', '1995-06-16', 'LECCO', 'VIA SPLUGA, 32', 'OLGINATE', 'MECCANICA', '2015-05-29 05:57:38', '2015-05-29 05:57:38', 7),
(119, 0, 'MATTIA', 'MASERA', 'MSRMTT97L03D416A', '1997-07-03', 'ERBA', 'VIA PORTA 9', 'MERONE', 'MECCANICA', '2015-05-29 05:57:38', '2015-05-29 05:57:38', 7),
(120, 0, 'LORENZO', 'PIAZZONI', 'PZZLNZ97S05E507M', '1997-11-05', 'LECCO', 'VIA RAFFAELLO, 3', 'CALOLZIOCORTE', 'MECCANICA', '2015-05-29 05:57:38', '2015-05-29 05:57:38', 7),
(121, 0, 'ALESSANDRO', 'PIN', 'PNILSN97A21E507G', '1997-01-21', 'LECCO', 'VIA FIUME 51 int. 4', 'BALLABIO', 'MECCANICA', '2015-05-29 05:57:38', '2015-05-29 05:57:38', 7),
(122, 0, 'ANDREA', 'RUSCONI', 'RSCNDR96C26E507V', '1996-03-26', 'LECCO', 'VIA S. ANTONIO, 18', 'VALMADRERA', 'MECCANICA', '2015-05-29 05:57:38', '2015-05-29 05:57:38', 7),
(123, 0, 'DAVIDE', 'SALA', 'SLADVD97S23E507T', '1997-11-23', 'LECCO', 'VIA CALCHIROLA 14', 'BOSISIO PARINI', 'MECCANICA', '2015-05-29 05:57:38', '2015-05-29 05:57:38', 7),
(124, 0, 'MATTEO', 'SELVA', 'SLVMTT97S17E507O', '1997-11-17', 'LECCO', 'VIA VALTORTA, 14', 'BARZIO', 'MECCANICA', '2015-05-29 05:57:38', '2015-05-29 05:57:38', 7),
(125, 0, 'FILIPPO', 'VILLA', 'VLLFPP97C13E507T', '1997-03-13', 'LECCO', 'VIALE GIOVANNI XXIII  6', 'MOLTENO', 'MECCANICA', '2015-05-29 05:57:39', '2015-05-29 05:57:39', 7),
(126, 0, 'ALBERTO', 'ZILIO', 'ZLILRT97D24E507P', '1997-04-24', 'LECCO', 'VIA FUMAGALLI 26D', 'LECCO', 'MECCANICA', '2015-05-29 05:57:39', '2015-05-29 05:57:39', 7),
(127, 0, 'CLAUDIO', 'ANDERIS', 'NDRCLD98R19E507D', '1998-10-19', 'LECCO', 'VIA TRENTO, 9', 'LECCO', 'AUTOMAZIONE', '2015-05-29 05:57:55', '2015-05-29 05:57:55', 8),
(128, 0, 'ALESSANDRO', 'BASSANI', 'BSSLSN98H22E507X', '1998-06-22', 'LECCO', 'VIA A. DE GASPERI 19', 'GALBIATE', 'AUTOMAZIONE', '2015-05-29 05:57:55', '2015-05-29 05:57:55', 8),
(129, 0, 'ANDREA', 'BOLIS', 'BLSNDR98C23E507H', '1998-03-23', 'LECCO', 'VIA MONTE PIZZO, 45', 'VERCURAGO', 'AUTOMAZIONE', '2015-05-29 05:57:55', '2015-05-29 05:57:55', 8),
(130, 0, 'MIRKO', 'CARSANA', 'CRSMRK98E30E507K', '1998-05-30', 'LECCO', 'VIA RIGAMONTE, 21', 'CARENNO', 'AUTOMAZIONE', '2015-05-29 05:57:55', '2015-05-29 05:57:55', 8),
(131, 0, 'DAVIDE', 'COGLIATI', 'CGLDVD98L16E507K', '1998-07-16', 'LECCO', 'VIA G.PUCCINI, 8/A', 'COSTA MASNAGA', 'AUTOMAZIONE', '2015-05-29 05:57:55', '2015-05-29 05:57:55', 8),
(132, 0, 'SIMONE', 'COLOMBO', 'CLMSMN98L22D416V', '1998-07-22', 'ERBA', 'VIA CABELLA LATTUADA 2', 'ANNONE DI BRIANZA', 'AUTOMAZIONE', '2015-05-29 05:57:55', '2015-05-29 05:57:55', 8),
(133, 0, 'NICOLA', 'DONISELLI', 'DNSNCL98B22E507B', '1998-02-22', 'LECCO', 'VIA CARRERI, 8', 'PASTURO', 'AUTOMAZIONE', '2015-05-29 05:57:55', '2015-05-29 05:57:55', 8),
(134, 0, 'FABIO', 'FUMAGALLI', 'FMGFBA97A22E507L', '1997-01-22', 'LECCO', 'VIA MARCONI 44', 'CASSAGO BRIANZA', 'AUTOMAZIONE', '2015-05-29 05:57:55', '2015-05-29 05:57:55', 8),
(135, 0, 'SAMUELE', 'FUMAGALLI', 'FMGSML98H23E507U', '1998-06-23', 'LECCO', 'VIA PROMESSI SPOSI, 39', 'PESCATE', 'AUTOMAZIONE', '2015-05-29 05:57:55', '2015-05-29 05:57:55', 8),
(136, 0, 'LUCA', 'GENNARI', 'GNNLCU98L24F704D', '1998-07-24', 'MONZA', 'VIA S.GREGORIO 19', 'CASSAGO BRIANZA', 'AUTOMAZIONE', '2015-05-29 05:57:55', '2015-05-29 05:57:55', 8),
(137, 0, 'ALAN', 'GIANOLA', 'GNLLNA98D14E507N', '1998-04-14', 'LECCO', 'VIA PREALPI 32/B', 'PREMANA', 'AUTOMAZIONE', '2015-05-29 05:57:55', '2015-05-29 05:57:55', 8),
(138, 0, 'GIANLUCA', 'GIUDICI', 'GDCGLC97D10E507C', '1997-04-10', 'LECCO', 'STRADA PRIV.MARSALA,1', 'MANDELLO DEL LARIO', 'AUTOMAZIONE', '2015-05-29 05:57:55', '2015-05-29 05:57:55', 8),
(139, 0, 'CARLO', 'GNECCHI', 'GNCCRL97M06E507T', '1997-08-06', 'LECCO', 'VIA MONTEGRAPPA 11', 'LECCO', 'AUTOMAZIONE', '2015-05-29 05:57:55', '2015-05-29 05:57:55', 8),
(140, 0, 'JHERY RODRIGO', 'GRAGEDA SALAZAR', 'GRGJRY97C14Z601P', '1997-03-14', 'BOLIVIA', 'VIA FRATELLI FIGINI,17', 'LECCO', 'AUTOMAZIONE', '2015-05-29 05:57:55', '2015-05-29 05:57:55', 8),
(141, 0, 'ALESSIO', 'LOSA', 'LSOLSS98T20E507Y', '1998-12-20', 'LECCO', 'VIALE F.TURATI, 64', 'LECCO', 'AUTOMAZIONE', '2015-05-29 05:57:55', '2015-05-29 05:57:55', 8),
(142, 0, 'LORENZO', 'MANNI', 'MNNLNZ98R14E507G', '1998-10-14', 'LECCO', 'VIA PER MOZZANA,9', 'GALBIATE', 'AUTOMAZIONE', '2015-05-29 05:57:55', '2015-05-29 05:57:55', 8),
(143, 0, 'SIMONE', 'MANZONI', 'MNZSMN98L30E507S', '1998-07-30', 'LECCO', 'VIA CESARE CANTU'', 69', 'OLGINATE', 'AUTOMAZIONE', '2015-05-29 05:57:55', '2015-05-29 05:57:55', 8),
(144, 0, 'MATTIA', 'MAURI', 'MRAMTT98D27E507O', '1998-04-27', 'LECCO', 'VIA P. VALSECCHI, 2', 'CIVATE', 'AUTOMAZIONE', '2015-05-29 05:57:55', '2015-05-29 05:57:55', 8),
(145, 0, 'DANIELE', 'MENESCARDI', 'MNSDNL98C18F133Q', '1998-03-18', 'MERATE', 'VIA S. GERMAIN LAPRADE 47', 'CALCO', 'AUTOMAZIONE', '2015-05-29 05:57:56', '2015-05-29 05:57:56', 8),
(146, 0, 'CHRISTIAN', 'PIGAZZINI', 'PGZCRS98T06E507W', '1998-12-06', 'LECCO', 'VIA CALOLZIO, 22', 'CARENNO', 'AUTOMAZIONE', '2015-05-29 05:57:56', '2015-05-29 05:57:56', 8),
(147, 0, 'ANDREA', 'PIRASTRU', 'PRSNDR96P28I452R', '1996-09-28', 'SASSARI', 'VIA SAN PROTASIO,1', 'MERATE', 'AUTOMAZIONE', '2015-05-29 05:57:56', '2015-05-29 05:57:56', 8),
(148, 0, 'LUCA', 'RADAELLI', 'RDLLCU98P23E507W', '1998-09-23', 'LECCO', 'VIA PARINI, 537', 'GARLATE', 'AUTOMAZIONE', '2015-05-29 05:57:56', '2015-05-29 05:57:56', 8),
(149, 0, 'STEFANO', 'RIVA', 'RVISFN98A17E507S', '1998-01-17', 'LECCO', 'VIA CONCORDIA, 21', 'VALMADRERA', 'AUTOMAZIONE', '2015-05-29 05:57:56', '2015-05-29 05:57:56', 8),
(150, 0, 'NICOLA', 'RUBERTO', 'RBRNCL98D15E507A', '1998-04-15', 'LECCO', 'VIA RESEGONE,20', 'VALMADRERA', 'AUTOMAZIONE', '2015-05-29 05:57:56', '2015-05-29 05:57:56', 8),
(151, 0, 'PEDRO ANGELO', 'RUSCONI', 'RSCPRN98E27E507C', '1998-05-27', 'LECCO', 'VIA DELLE PRIMULE,10', 'MALGRATE', 'AUTOMAZIONE', '2015-05-29 05:57:56', '2015-05-29 05:57:56', 8),
(152, 0, 'SIMONE', 'SCIGLIANO', 'SCGSMN98L01E507P', '1998-07-01', 'LECCO', 'VIA XXIV MAGGIO 12', 'CIVATE', 'AUTOMAZIONE', '2015-05-29 05:57:56', '2015-05-29 05:57:56', 8),
(153, 0, 'GIORGIO', 'TENTORI', 'TNTGRG98B10E507W', '1998-02-10', 'LECCO', 'VIA TORBA, 7/A', 'CARENNO', 'AUTOMAZIONE', '2015-05-29 05:57:56', '2015-05-29 05:57:56', 8),
(154, 0, 'JOSE RICARDO', 'VACA SANTILLAN', 'VCSJRC97A11Z605W', '1997-01-11', 'ECUADOR', 'VIA AMENDOLA,57', 'LECCO', 'AUTOMAZIONE', '2015-05-29 05:57:56', '2015-05-29 05:57:56', 8),
(155, 0, 'DENIS', 'VANINETTI', 'VNNDNS99A25F712C', '1999-01-25', 'MORBEGNO', 'VIA BALASSI ,33', 'GALBIATE', 'AUTOMAZIONE', '2015-05-29 05:57:56', '2015-05-29 05:57:56', 8),
(156, 0, 'MATTEO', 'VULTAGGIO', 'VLTMTT98M21F133O', '1998-08-21', 'MERATE', 'VIA ALPI , 13/C', 'MISSAGLIA', 'AUTOMAZIONE', '2015-05-29 05:57:56', '2015-05-29 05:57:56', 8),
(157, 0, 'ANDREA', 'ALDEGHI', 'LDGNDR98L04E507F', '1998-07-04', 'LECCO', 'VIA EINAUDI,4', 'BALLABIO', 'LICEO', '2015-05-29 05:58:07', '2015-05-29 05:58:07', 9),
(158, 0, 'EDOARDO', 'BARONE', 'BRNDRD98H19E507X', '1998-06-19', 'LECCO', 'C.SO S.MICHELE DEL CARSO,45', 'LECCO', 'LICEO', '2015-05-29 05:58:07', '2015-05-29 05:58:07', 9),
(159, 0, 'EMANUELE', 'BARONE', 'BRNMNL98H19E507A', '1998-06-19', 'LECCO', 'C.SO S.MICHELE DEL CARSO,45', 'LECCO', 'LICEO', '2015-05-29 05:58:07', '2015-05-29 05:58:07', 9),
(160, 0, 'NADIA', 'BEKKARI', 'BKKNDA98M42E507S', '1998-08-02', 'LECCO', 'VIA CERCHIERA,158', 'PONTIDA', 'LICEO', '2015-05-29 05:58:07', '2015-05-29 05:58:07', 9),
(161, 0, 'GIORGIA', 'BERTULESSI', 'BRTGRG98R56E507M', '1998-10-16', 'LECCO', 'VIA CORSENA, 5', 'CASSINA VALSASSINA', 'LICEO', '2015-05-29 05:58:07', '2015-05-29 05:58:07', 9),
(162, 0, 'PENELOPE FRANCESCA MARIA', 'BOLLINI', 'BLLPLP98P56E507F', '1998-09-16', 'LECCO', 'VIA DEGLI OROBI, 2', 'GALBIATE', 'LICEO', '2015-05-29 05:58:07', '2015-05-29 05:58:07', 9),
(163, 0, 'CHIARA', 'BONGIOVANNI', 'BNGCHR98M65E507I', '1998-08-25', 'LECCO', 'VIA F. PETRARCA, 21', 'MANDELLO DEL LARIO', 'LICEO', '2015-05-29 05:58:07', '2015-05-29 05:58:07', 9),
(164, 0, 'RICCARDO', 'BOTTI', 'BTTRCR98E09E507J', '1998-05-09', 'LECCO', 'VIA MONTESSORI, 6', 'LECCO', 'LICEO', '2015-05-29 05:58:07', '2015-05-29 05:58:07', 9),
(165, 0, 'EDOARDO', 'BUZZELLA', 'BZZDRD98D05I829F', '1998-04-05', 'SONDRIO', 'VIA FONTANEDO, 52/A', 'COLICO', 'LICEO', '2015-05-29 05:58:07', '2015-05-29 05:58:07', 9),
(166, 0, 'ALESSANDRO', 'LIA', 'LIALSN98C10E507P', '1998-03-10', 'LECCO', 'VIA CHIARI,13', 'VALMADRERA', 'LICEO', '2015-05-29 05:58:07', '2015-05-29 05:58:07', 9),
(167, 0, 'FILIPPO', 'LOCATELLI', 'LCTFPP98L23E507P', '1998-07-23', 'LECCO', 'VIA TONIO E GERVASO, 1/B', 'LECCO', 'LICEO', '2015-05-29 05:58:08', '2015-05-29 05:58:08', 9),
(168, 0, 'GIACOMO', 'LOCATELLI', 'LCTGCM98P13E507N', '1998-09-13', 'LECCO', 'VIA MENTANA, 81', 'LECCO', 'LICEO', '2015-05-29 05:58:08', '2015-05-29 05:58:08', 9),
(169, 0, 'EDOARDO', 'MARINO', 'MRNDRD98E07C933B', '1998-05-07', 'COMO', 'VIA CADUTI PER LA LIBERTA'' 30', 'VALMADRERA', 'LICEO', '2015-05-29 05:58:08', '2015-05-29 05:58:08', 9),
(170, 0, 'FILIPPO', 'MARTINIS', 'MRTFPP98P29E507F', '1998-09-29', 'LECCO', 'VIA BERNINI,11', 'VALMADRERA', 'LICEO', '2015-05-29 05:58:08', '2015-05-29 05:58:08', 9),
(171, 0, 'PIETRO', 'MAVER', 'MVRPTR98L03E507L', '1998-07-03', 'LECCO', 'VIA DON A. INVERNIZZI N.10', 'LECCO', 'LICEO', '2015-05-29 05:58:08', '2015-05-29 05:58:08', 9),
(172, 0, 'BRUNO', 'MAZZOLENI', 'MZZBRN98A05E507J', '1998-01-05', 'LECCO', 'VIA A. MANZONI,4', 'SIRONE', 'LICEO', '2015-05-29 05:58:08', '2015-05-29 05:58:08', 9),
(173, 0, 'GAIA', 'PAPINI', 'PPNGAI98M54E507S', '1998-08-14', 'LECCO', 'VIA MONTE PIZZO, 3', 'VERCURAGO', 'LICEO', '2015-05-29 05:58:08', '2015-05-29 05:58:08', 9),
(174, 0, 'SARA', 'PELLADONI', 'PLLSRA98R42E507U', '1998-10-02', 'LECCO', 'VIA DEL SARTO 52', 'LECCO', 'LICEO', '2015-05-29 05:58:08', '2015-05-29 05:58:08', 9),
(175, 0, 'ALESSIA ANTONIA', 'POLIMENI', 'PLMLSN98S53H501L', '1998-11-13', 'ROMA', 'VIA  LARGO CALEOTTO,31', 'LECCO', 'LICEO', '2015-05-29 05:58:08', '2015-05-29 05:58:08', 9),
(176, 0, 'STEFANO', 'REDAELLI', 'RDLSFN98M06E507Z', '1998-08-06', 'LECCO', 'VIA CALDONE 42', 'LECCO', 'LICEO', '2015-05-29 05:58:08', '2015-05-29 05:58:08', 9),
(177, 0, 'FABIO', 'ROTTA', 'RTTFBA98P26E507Z', '1998-09-26', 'LECCO', 'VIA DEL ROCCOLO,33', 'LECCO', 'LICEO', '2015-05-29 05:58:08', '2015-05-29 05:58:08', 9),
(178, 0, 'SIMONE', 'RUSCONI', 'RSCSMN98R14E507F', '1998-10-14', 'LECCO', 'VIA SANTA VECCHIA,60', 'VALMADRERA', 'LICEO', '2015-05-29 05:58:08', '2015-05-29 05:58:08', 9),
(179, 0, 'LORIS', 'SARACI', 'SRCLRS98H30E507Z', '1998-06-30', 'LECCO', 'VIA SAN ROCCO,51', 'VALMADRERA', 'LICEO', '2015-05-29 05:58:08', '2015-05-29 05:58:08', 9),
(180, 0, 'GINEVRA', 'SPREAFICO', 'SPRGVR98R67E507G', '1998-10-27', 'LECCO', 'VIA MONTE SABOTINO, 17', 'LECCO', 'LICEO', '2015-05-29 05:58:08', '2015-05-29 05:58:08', 9),
(181, 0, 'ANNA', 'UBERTI', 'BRTNNA98L44F133V', '1998-07-04', 'MERATE', 'LOC. GALERA, 3', 'CORTENOVA', 'LICEO', '2015-05-29 05:58:08', '2015-05-29 05:58:08', 9),
(182, 0, 'GIACOMO', 'VALSECCHI', 'VLSGCM98B10E507R', '1998-02-10', 'LECCO', 'VIA TRIESTE, 12', 'LECCO', 'LICEO', '2015-05-29 05:58:08', '2015-05-29 05:58:08', 9),
(183, 0, 'MICHELE', 'VALSECCHI', 'VLSMHL98A27E507A', '1998-01-27', 'LECCO', 'VIA MARSALA, 12', 'LECCO', 'LICEO', '2015-05-29 05:58:08', '2015-05-29 05:58:08', 9),
(184, 0, 'SIMONE', 'AGAZZI', 'GZZSMN98S08E507Y', '1998-11-08', 'LECCO', 'VIA CROLLALANZA, 5', 'LECCO', 'MECCANICA', '2015-05-29 05:58:20', '2015-05-29 05:58:20', 10),
(185, 0, 'DAVIDE', 'APRIGLIANO', 'PRGDVD98L06F205S', '1998-07-06', 'MILANO', 'VIA PALESTRO, 16/C', 'LECCO', 'MECCANICA', '2015-05-29 05:58:20', '2015-05-29 05:58:20', 10),
(186, 0, 'SILVIO', 'BARAGETTI', 'BRGSLV98R13F133F', '1998-10-13', 'MERATE', 'VIA PRIVATA MAGNI,1', 'OSNAGO', 'MECCANICA', '2015-05-29 05:58:20', '2015-05-29 05:58:20', 10),
(187, 0, 'MATTEO', 'BARUFFALDI', 'BRFMTT97C31E507P', '1997-03-31', 'LECCO', 'VIA MOLINARA 5', 'PRIMALUNA', 'MECCANICA', '2015-05-29 05:58:20', '2015-05-29 05:58:20', 10),
(188, 0, 'MARCO', 'BELINGHERI', 'BLNMRC98A22E507U', '1998-01-22', 'LECCO', 'C.DA DI SONNICO SOMANA,11', 'MANDELLO DEL LARIO', 'MECCANICA', '2015-05-29 05:58:20', '2015-05-29 05:58:20', 10),
(189, 0, 'ALBERTO', 'BONANOMI', 'BNNLRT98L29F133M', '1998-07-29', 'MERATE', 'VIA BEOLCO, 15', 'OLGIATE MOLGORA', 'MECCANICA', '2015-05-29 05:58:20', '2015-05-29 05:58:20', 10),
(190, 0, 'ANDREA', 'CASATI', 'CSTNDR97D01E507N', '1997-04-01', 'LECCO', 'VIA VOLTA 20', 'VALMADRERA', 'MECCANICA', '2015-05-29 05:58:20', '2015-05-29 05:58:20', 10),
(191, 0, 'MATTEO', 'CASTELNUOVO', 'CSTMTT97D08E507O', '1997-04-08', 'LECCO', 'VIA ROSVANINO 5', 'CALOLZIOCORTE', 'MECCANICA', '2015-05-29 05:58:20', '2015-05-29 05:58:20', 10),
(192, 0, 'CHRISTIAN', 'COLOMBO', 'CLMCRS98M06D416W', '1998-08-06', 'ERBA', 'VIA CERESUOLA N. 4', 'EUPILIO', 'MECCANICA', '2015-05-29 05:58:20', '2015-05-29 05:58:20', 10),
(193, 0, 'ALESSANDRO', 'COMI', 'CMOLSN98R27F704V', '1998-10-27', 'MONZA', 'VIA PEREGO, 3', 'USMATE VELATE', 'MECCANICA', '2015-05-29 05:58:21', '2015-05-29 05:58:21', 10),
(194, 0, 'GIORGIO', 'CONSONNI', 'CNSGRG98D10D416M', '1998-04-10', 'ERBA', 'VIA T.  MORLINO 13', 'CESANA BRIANZA', 'MECCANICA', '2015-05-29 05:58:21', '2015-05-29 05:58:21', 10),
(195, 0, 'PIETRO', 'CORBETTA', 'CRBPTR96B15E507N', '1996-02-15', 'LECCO', 'CORSO PROMESSI SPOSI 24', 'LECCO', 'MECCANICA', '2015-05-29 05:58:21', '2015-05-29 05:58:21', 10),
(196, 0, 'FABIO', 'CORTI', 'CRTFBA96H05E507C', '1996-06-05', 'LECCO', 'VIA NUOVA PROVINCIALE, 4', 'CALCO', 'MECCANICA', '2015-05-29 05:58:21', '2015-05-29 05:58:21', 10),
(197, 0, 'MATTEO', 'DELLA FONTANA', 'DLLMTT98S04E507V', '1998-11-04', 'LECCO', 'VIA SEGANTINI, 36/2', 'MANDELLO DEL LARIO', 'MECCANICA', '2015-05-29 05:58:21', '2015-05-29 05:58:21', 10),
(198, 0, 'EMMANUELE MARIA', 'DI LIBERTO', 'DLBMNL97E18E507W', '1997-05-18', 'LECCO', 'VIA DON ALLIEVI, 19', 'COSTA MASNAGA', 'MECCANICA', '2015-05-29 05:58:21', '2015-05-29 05:58:21', 10),
(199, 0, 'PAOLO', 'MAGGI', 'MGGPLA97T09A794A', '1997-12-09', 'BERGAMO', 'VIA F. PETRARCA 26', 'MANDELLO DEL LARIO', 'MECCANICA', '2015-05-29 05:58:21', '2015-05-29 05:58:21', 10),
(200, 0, 'FRANCESCO', 'MAGNI', 'MGNFNC98E07F133L', '1998-05-07', 'MERATE', 'VIA VICOLO STRETTO, 3', 'PADERNO D''ADDA', 'MECCANICA', '2015-05-29 05:58:21', '2015-05-29 05:58:21', 10),
(201, 0, 'PAOLO', 'NAVA', 'NVAPLA98T02E507N', '1998-12-02', 'LECCO', 'VIA CROLLALANZA, 5', 'LECCO', 'MECCANICA', '2015-05-29 05:58:21', '2015-05-29 05:58:21', 10),
(202, 0, 'LUCA', 'RATTI', 'RTTLCU96C01E507N', '1996-03-01', 'LECCO', 'VICOLO CANONE,5', 'LECCO', 'MECCANICA', '2015-05-29 05:58:21', '2015-05-29 05:58:21', 10),
(203, 0, 'SIMONE', 'RAVASI', 'RVSSMN98E12E507M', '1998-05-12', 'LECCO', 'VIA G. MATTEOTTI, 1', 'VERDERIO INFERIORE', 'MECCANICA', '2015-05-29 05:58:21', '2015-05-29 05:58:21', 10),
(204, 0, 'MATTEO', 'RIGAMONTI', 'RGMMTT98R09D416H', '1998-10-09', 'ERBA', 'VIA TORINO, 2', 'GARBAGNATE MONASTERO', 'MECCANICA', '2015-05-29 05:58:21', '2015-05-29 05:58:21', 10),
(205, 0, 'RICCARDO', 'RIVA', 'RVIRCR98S11E507H', '1998-11-11', 'LECCO', 'VIA G. CARLO PUECHER N. 30', 'MOLTENO', 'MECCANICA', '2015-05-29 05:58:21', '2015-05-29 05:58:21', 10),
(206, 0, 'LEONARDO', 'BALOSSI', 'BLSLRD98M01E507W', '1998-08-01', 'LECCO', 'VIA STOPPANI, 2', 'MONTE MARENZO', 'ELETTROTECNICA', '2015-05-29 05:58:36', '2015-05-29 05:58:36', 11),
(207, 0, 'STEFANO', 'BARUFFALDI', 'BRFSFN98E08E507J', '1998-05-08', 'LECCO', 'VIA PROVINCIALE, 131', 'PRIMALUNA', 'ELETTROTECNICA', '2015-05-29 05:58:36', '2015-05-29 05:58:36', 11),
(208, 0, 'LUCA', 'BELLOLI', 'BLLLCU98P11F712I', '1998-09-11', 'MORBEGNO', 'VIA PER LEZZENO, 27', 'BELLANO', 'ELETTROTECNICA', '2015-05-29 05:58:36', '2015-05-29 05:58:36', 11),
(209, 0, 'ALESSANDRO', 'BRIVIO', 'BRVLSN98A28E507S', '1998-01-28', 'LECCO', 'VIA PAPA GIOVANNI XXIII, 3', 'MISSAGLIA', 'ELETTROTECNICA', '2015-05-29 05:58:36', '2015-05-29 05:58:36', 11),
(210, 0, 'ERIC', 'CHECUZ', 'CHCRCE96T24E507Z', '1996-12-24', 'LECCO', 'VIA ROMA 126/D', 'PESCATE', 'ELETTROTECNICA', '2015-05-29 05:58:36', '2015-05-29 05:58:36', 11),
(211, 0, 'DAVIDE', 'COLOMBO', 'CLMDVD98B19D416Z', '1998-02-19', 'ERBA', 'VIA PENASA N. 11', 'BOSISIO PARINI', 'ELETTROTECNICA', '2015-05-29 05:58:36', '2015-05-29 05:58:36', 11),
(212, 0, 'NICOLO''', 'COLOMBO', 'CLMNCL98E04E507O', '1998-05-04', 'LECCO', 'VIA PRATO DELLA SORTE, 5', 'MONTE MARENZO', 'ELETTROTECNICA', '2015-05-29 05:58:36', '2015-05-29 05:58:36', 11),
(213, 0, 'FABIO', 'CRIPPA', 'CRPFBA98R13E507F', '1998-10-13', 'LECCO', 'VIA NAZIONALE, 150/D', 'ABBADIA LARIANA', 'ELETTROTECNICA', '2015-05-29 05:58:36', '2015-05-29 05:58:36', 11),
(214, 0, 'MICHAEL', 'CRIPPA', 'CRPMHL98D27E507Y', '1998-04-27', 'LECCO', 'VIA MAZZINI, 11', 'TORRE DE'' BUSI', 'ELETTROTECNICA', '2015-05-29 05:58:36', '2015-05-29 05:58:36', 11),
(215, 0, 'NICOLO''', 'DOMENEGHETTI', 'DMNNCL98P06E507T', '1998-09-06', 'LECCO', 'FRAZIONE BIOSIO, 9', 'BELLANO', 'ELETTROTECNICA', '2015-05-29 05:58:36', '2015-05-29 05:58:36', 11),
(216, 0, 'ROBERTO MARIA', 'GHEZZI', 'GHZRRT98E09F704X', '1998-05-09', 'MONZA', 'VIA DEI CACCIATORI 6', 'MISSAGLIA', 'ELETTROTECNICA', '2015-05-29 05:58:36', '2015-05-29 05:58:36', 11),
(217, 0, 'STEFANO', 'GIARNIERI', 'GRNSFN96E15F133F', '1996-05-15', 'MERATE', 'VIA SANDRO PERTINI, 16', 'AIRUNO', 'ELETTROTECNICA', '2015-05-29 05:58:36', '2015-05-29 05:58:36', 11),
(218, 0, 'CRISTIAN', 'LIMONTA', 'LMNCST98P29F704Z', '1998-09-29', 'MONZA', 'VIA OLMO, 10', 'ROVAGNATE', 'ELETTROTECNICA', '2015-05-29 05:58:37', '2015-05-29 05:58:37', 11),
(219, 0, 'MATTIA', 'MAGNI', 'MGNMTT98L20F133K', '1998-07-20', 'MERATE', 'VIA RONCADA, 4', 'PEREGO', 'ELETTROTECNICA', '2015-05-29 05:58:37', '2015-05-29 05:58:37', 11),
(220, 0, 'SIMONE', 'MEZZELA', 'MZZSMN96S01E507G', '1996-11-01', 'LECCO', 'VIA MARSALA, 32', 'LECCO', 'ELETTROTECNICA', '2015-05-29 05:58:37', '2015-05-29 05:58:37', 11),
(221, 0, 'MICHELE', 'MEZZERA', 'MZZMHL98A28E507J', '1998-01-28', 'LECCO', 'VIA BOLDONI, 1', 'BELLANO', 'ELETTROTECNICA', '2015-05-29 05:58:37', '2015-05-29 05:58:37', 11),
(222, 0, 'PAOLO', 'PANZERI', 'PNZPLA98E08F133A', '1998-05-08', 'MERATE', 'VIA DON ARNABOLDI, 55', 'MERATE', 'ELETTROTECNICA', '2015-05-29 05:58:37', '2015-05-29 05:58:37', 11),
(223, 0, 'LUCA', 'PEREGO', 'PRGLCU98D19E507H', '1998-04-19', 'LECCO', 'VIA RISORGIMENTO, 1/BIS', 'S.MARIA HOE''', 'ELETTROTECNICA', '2015-05-29 05:58:37', '2015-05-29 05:58:37', 11),
(224, 0, 'MATTEO', 'PLATI', 'PLTMTT98A14E507R', '1998-01-14', 'LECCO', 'VIA NOCCOLI, 11', 'CREMENO', 'ELETTROTECNICA', '2015-05-29 05:58:37', '2015-05-29 05:58:37', 11),
(225, 0, 'CIRO', 'POLVERE', 'PLVCRI97R09I158B', '1997-10-09', 'SAN SEVERO', 'VIALE MONTEGRAPPA, 10', 'LECCO', 'ELETTROTECNICA', '2015-05-29 05:58:37', '2015-05-29 05:58:37', 11),
(226, 0, 'MATTEO', 'SECOMANDI', 'SCMMTT98T27E507R', '1998-12-27', 'LECCO', 'VIA E. FERMI, 1', 'TORRE DE'' BUSI', 'ELETTROTECNICA', '2015-05-29 05:58:37', '2015-05-29 05:58:37', 11),
(227, 0, 'LORENZO', 'SPIGA', 'SPGLNZ98D13E507U', '1998-04-13', 'LECCO', 'VIA L. DA VINCI, 27', 'CORTENOVA', 'ELETTROTECNICA', '2015-05-29 05:58:37', '2015-05-29 05:58:37', 11),
(228, 0, 'EMANUELE', 'SPINA', 'SPNMNL98E07E507X', '1998-05-07', 'LECCO', 'VIA VITTORIO VENETO, 8', 'SIRTORI', 'ELETTROTECNICA', '2015-05-29 05:58:37', '2015-05-29 05:58:37', 11),
(229, 0, 'FILIPPO', 'TAGLIAFERRI', 'TGLFPP98D24E507Y', '1998-04-24', 'LECCO', 'VIA NUOVA, 1', 'PAGNONA', 'ELETTROTECNICA', '2015-05-29 05:58:37', '2015-05-29 05:58:37', 11),
(230, 0, 'LUCA', 'TAVOLA', 'TVLLCU98R23F133G', '1998-10-23', 'MERATE', 'VIA MANZONI, 10', 'COLLE BRIANZA', 'ELETTROTECNICA', '2015-05-29 05:58:37', '2015-05-29 05:58:37', 11),
(231, 0, 'ANDREA', 'AMIGONI', 'MGNNDR98H17E507X', '1998-06-17', 'LECCO', 'P.ZZA SAN MICHELE, 2', 'CALOLZIOCORTE', 'INFORMATICA', '2015-05-29 05:58:51', '2015-05-29 05:58:51', 12),
(232, 0, 'MARCO', 'ANGHILERI', 'NGHMRC97A07E507P', '1997-01-07', 'LECCO', 'VIALE MONTEGRAPPA 41', 'LECCO', 'INFORMATICA', '2015-05-29 05:58:51', '2015-05-29 05:58:51', 12),
(233, 0, 'MARCO', 'BONALUMI', 'BNLMRC98D18E507Z', '1998-04-18', 'LECCO', 'V.LE CARSO, 16/A', 'PRIMALUNA', 'INFORMATICA', '2015-05-29 05:58:51', '2015-05-29 05:58:51', 12),
(234, 0, 'KEVIN PIER', 'CARVELLI ', 'CRVKNP98B07E507B', '1998-02-07', 'LECCO', 'LOC.. MOREGALLO-VIA MOREGGE, 31', 'MANDELLO DEL LARIO', 'INFORMATICA', '2015-05-29 05:58:51', '2015-05-29 05:58:51', 12),
(235, 0, 'DANIELE', 'COMMODARO', 'CMMDNL98L03E507N', '1998-07-03', 'LECCO', 'VIA PARTIGIANI, 90', 'LECCO', 'INFORMATICA', '2015-05-29 05:58:51', '2015-05-29 05:58:51', 12),
(236, 0, 'DAVIDE', 'CONFALONIERI', 'CNFDVD98R18E507I', '1998-10-18', 'LECCO', 'FRAZ. MOZZANA 4', 'GALBIATE', 'INFORMATICA', '2015-05-29 05:58:51', '2015-05-29 05:58:51', 12),
(237, 0, 'MATTIA', 'DEL PIZZO', 'DLPMTT98H22F952Z', '1998-06-22', 'NOVARA', 'VIA CAPODISTRIA, 39', 'LECCO', 'INFORMATICA', '2015-05-29 05:58:51', '2015-05-29 05:58:51', 12),
(238, 0, 'ANDREA', 'FASO', 'FSANDR97A05E507P', '1997-01-05', 'LECCO', 'VIA PLINIO,18', 'ERBA', 'INFORMATICA', '2015-05-29 05:58:51', '2015-05-29 05:58:51', 12),
(239, 0, 'STEFANO UMBERTO', 'FIERRO', 'FRRSFN97P07E507I', '1997-09-07', 'LECCO', 'VIA MALANOTTE, 1', 'CALOLZIOCORTE', 'INFORMATICA', '2015-05-29 05:58:51', '2015-05-29 05:58:51', 12),
(240, 0, 'FABRIZIO', 'FRIGERIO', 'FRGFRZ98E10E507B', '1998-05-10', 'LECCO', 'VIA ALESSANDRO VOLTA, 8', 'CALOLZIOCORTE', 'INFORMATICA', '2015-05-29 05:58:51', '2015-05-29 05:58:51', 12),
(241, 0, 'KENTO', 'ISSHIKI', 'SSHKNT98C16Z219Q', '1998-03-16', 'GIAPPONE', 'VIA E.TOTI,24', 'CALOLZIOCORTE', 'INFORMATICA', '2015-05-29 05:58:51', '2015-05-29 05:58:51', 12),
(242, 0, 'MOIN', 'KHAN', 'KHNMNO95E10Z249L', '1995-05-10', 'BANGLADESH', 'VIA MATTEOTTI,8/1', 'OGGIONO', 'INFORMATICA', '2015-05-29 05:58:51', '2015-05-29 05:58:51', 12),
(243, 0, 'PAOLO', 'LAQUIDARA', 'LQDPLA98M01E507X', '1998-08-01', 'LECCO', 'VIA MARIA SOLIANI, 7', 'BALLABIO', 'INFORMATICA', '2015-05-29 05:58:51', '2015-05-29 05:58:51', 12),
(244, 0, 'MATTIA', 'LOCATELLI', 'LCTMTT98M26E507H', '1998-08-26', 'LECCO', 'C.SO G.  MATTEOTTI, 53', 'LECCO', 'INFORMATICA', '2015-05-29 05:58:51', '2015-05-29 05:58:51', 12),
(245, 0, 'BRIAN MAINA', 'NDIRANGU COLOMBO', 'NDRBNM98H28E507J', '1998-06-28', 'LECCO', 'VIA E. MATTEI, 10', 'LECCO', 'INFORMATICA', '2015-05-29 05:58:51', '2015-05-29 05:58:51', 12),
(246, 0, 'LUCA', 'PERRI', 'PRRLCU98D11E507F', '1998-04-11', 'LECCO', 'VIA ITALIA, 21', 'VERCURAGO', 'INFORMATICA', '2015-05-29 05:58:51', '2015-05-29 05:58:51', 12),
(247, 0, 'DAVIDE', 'RIVA', 'RVIDVD98C17E507U', '1998-03-17', 'LECCO', 'VIA LECCO 55', 'GALBIATE', 'INFORMATICA', '2015-05-29 05:58:51', '2015-05-29 05:58:51', 12),
(248, 0, 'PIETRO', 'RIVA', 'RVIPTR98D18F704Z', '1998-04-18', 'MONZA', 'VIA S. AMBROGIO, 82', 'ROVAGNATE', 'INFORMATICA', '2015-05-29 05:58:51', '2015-05-29 05:58:51', 12),
(249, 0, 'SAMUELE', 'RIVA', 'RVISML98B26E507T', '1998-02-26', 'LECCO', 'VIA CASA PARADISO N. 2', 'MOLTENO', 'INFORMATICA', '2015-05-29 05:58:51', '2015-05-29 05:58:51', 12),
(250, 0, 'ANDREA', 'STEFANONI', 'STFNDR98P19D416H', '1998-09-19', 'ERBA', 'VIA PROVINCIALE 19', 'GARBAGNATE MONASTERO', 'INFORMATICA', '2015-05-29 05:58:51', '2015-05-29 05:58:51', 12),
(251, 0, 'CHRISTIAN', 'TUCCI', 'TCCCRS98H05D416G', '1998-06-05', 'ERBA', 'VIA SEGANTINI 6', 'PUSIANO', 'INFORMATICA', '2015-05-29 05:58:51', '2015-05-29 05:58:51', 12),
(252, 0, 'FRANCESCO', 'TUCCI', 'TCCFNC98H05D416F', '1998-06-05', 'ERBA', 'VIA SEGANTINI 6', 'PUSIANO', 'INFORMATICA', '2015-05-29 05:58:51', '2015-05-29 05:58:51', 12),
(253, 0, 'ALICE', 'AGAZZI', 'GZZLCA98T68E507Z', '1998-12-28', 'LECCO', 'VIA ALLA FOLLA 7', 'DERVIO', 'LICEO', '2015-05-29 05:59:04', '2015-05-29 05:59:04', 13),
(254, 0, 'VERONICA', 'ALBARELLI', 'LBRVNC98L66E507O', '1998-07-26', 'LECCO', 'VIA DIAZ 1', 'DERVIO', 'LICEO', '2015-05-29 05:59:04', '2015-05-29 05:59:04', 13),
(255, 0, 'LUCA', 'BONACINA', 'BNCLCU98L17E507J', '1998-07-17', 'LECCO', 'VIA LAVELLO, 13', 'CALOLZIOCORTE', 'LICEO', '2015-05-29 05:59:05', '2015-05-29 05:59:05', 13),
(256, 0, 'ANDREA', 'CARBONE', 'CRBNDR98P22F158X', '1998-09-22', 'MESSINA', 'C.SO MATTEOTTI N.9/G', 'LECCO', 'LICEO', '2015-05-29 05:59:05', '2015-05-29 05:59:05', 13),
(257, 0, 'GIOVANNI', 'CIRESA', 'CRSGNN97E11E507P', '1997-05-11', 'LECCO', 'V. ROMA 16', 'LIERNA', 'LICEO', '2015-05-29 05:59:05', '2015-05-29 05:59:05', 13),
(258, 0, 'ANDREA', 'COLOMBO', 'CLMNDR98R18E507G', '1998-10-18', 'LECCO', 'VIA DEL TORCHIO, 1', 'CIVATE', 'LICEO', '2015-05-29 05:59:05', '2015-05-29 05:59:05', 13),
(259, 0, 'SILVIA', 'CORTI', 'CRTSLV98E50E507B', '1998-05-10', 'LECCO', 'VIA VITTORIO VENETO,4', 'MALGRATE', 'LICEO', '2015-05-29 05:59:05', '2015-05-29 05:59:05', 13),
(260, 0, 'CLAUDIO', 'CORTIANA', 'CRTCLD98R03E507T', '1998-10-03', 'LECCO', 'VIA BOTTICELLI, 18', 'LECCO', 'LICEO', '2015-05-29 05:59:05', '2015-05-29 05:59:05', 13),
(261, 0, 'IVANO', 'CUNEGATTI', 'CNGVNI98H14F133X', '1998-06-14', 'MERATE', 'VIA ANNUNCIATA, 6', 'MERATE', 'LICEO', '2015-05-29 05:59:05', '2015-05-29 05:59:05', 13),
(262, 0, 'WILLIAM', 'DANZA', 'DNZWLM98B22E507V', '1998-02-22', 'LECCO', 'VIA LECCO, 8', 'BALLABIO', 'LICEO', '2015-05-29 05:59:05', '2015-05-29 05:59:05', 13),
(263, 0, 'GIONA', 'DONIZETTI', 'DNZGNI98E27E507M', '1998-05-27', 'LECCO', 'VIA VALSECCHI,114', 'LECCO', 'LICEO', '2015-05-29 05:59:05', '2015-05-29 05:59:05', 13),
(264, 0, 'NICOLO''', 'FONTANA', 'FNTNCL98A03E507K', '1998-01-03', 'LECCO', 'VIA BALICCO, 9', 'LECCO', 'LICEO', '2015-05-29 05:59:05', '2015-05-29 05:59:05', 13),
(265, 0, 'FEDERICA', 'FOTI', 'FTOFRC98M43H224J', '1998-08-03', 'REGGIO DI CALABRIA', 'VIA ROSMINI,2', 'LECCO', 'LICEO', '2015-05-29 05:59:05', '2015-05-29 05:59:05', 13),
(266, 0, 'MATTIA', 'GATTINONI', 'GTTMTT98P11E507E', '1998-09-11', 'LECCO', 'VIA AI RONCHI, 7', 'LECCO', 'LICEO', '2015-05-29 05:59:05', '2015-05-29 05:59:05', 13),
(267, 0, 'ANDREA', 'GEROSA', 'GRSNDR98C14E507D', '1998-03-14', 'LECCO', 'VIA CA'' NOVA 26', 'CIVATE', 'LICEO', '2015-05-29 05:59:05', '2015-05-29 05:59:05', 13),
(268, 0, 'SAMUELE', 'MAESTRONI', 'MSTSML98B04E507N', '1998-02-04', 'LECCO', 'VIA FRATELLI KENNEDY, 39', 'VALGREGHENTINO', 'LICEO', '2015-05-29 05:59:05', '2015-05-29 05:59:05', 13),
(269, 0, 'MICHELE', 'MOLGORA', 'MLGMHL98P29E507R', '1998-09-29', 'LECCO', 'VIA CHIARI, 15/A', 'VALMADRERA', 'LICEO', '2015-05-29 05:59:05', '2015-05-29 05:59:05', 13),
(270, 0, 'FRANCESCO', 'PEDRAZZOLI', 'PDRFNC99H06E507H', '1999-06-06', 'LECCO', 'VIA CONFALONIERI, 54', 'BALLABIO', 'LICEO', '2015-05-29 05:59:05', '2015-05-29 05:59:05', 13),
(271, 0, 'ALESSIO', 'RONDINI', 'RNDLSS98M18E507O', '1998-08-18', 'LECCO', 'VIA STOPPANI 579', 'GARLATE', 'LICEO', '2015-05-29 05:59:05', '2015-05-29 05:59:05', 13),
(272, 0, 'DAVIDE', 'RUSCONI', 'RSCDVD98E04E507Y', '1998-05-04', 'LECCO', 'VIA SAN ROCCO,9', 'VALMADRERA', 'LICEO', '2015-05-29 05:59:05', '2015-05-29 05:59:05', 13),
(273, 0, 'GAIA', 'RUSCONI', 'RSCGAI98H62E507H', '1998-06-22', 'LECCO', 'VIA CHIARI,67', 'VALMADRERA', 'LICEO', '2015-05-29 05:59:05', '2015-05-29 05:59:05', 13),
(274, 0, 'FRANCESCO', 'SOSTA', 'SSTFNC98R10E507O', '1998-10-10', 'LECCO', 'VIA VALSECCHI, 102', 'LECCO', 'LICEO', '2015-05-29 05:59:05', '2015-05-29 05:59:05', 13),
(275, 0, 'FABIO', 'TANGORRE', 'TNGFBA98B14F335K', '1998-02-14', 'MONCALIERI', 'VIA DEL RII,1', 'CIVATE', 'LICEO', '2015-05-29 05:59:05', '2015-05-29 05:59:05', 13),
(276, 0, 'LORENZO GIUSEPPE', 'TENTORI', 'TNTLNZ98D04Z602F', '1998-04-04', 'POXOREO', 'VIA CAVOUR, 19', 'CALOLZIOCORTE', 'LICEO', '2015-05-29 05:59:05', '2015-05-29 05:59:05', 13),
(277, 0, 'LIVIA', 'VALSECCHI', 'VLSLVI98L57E507V', '1998-07-17', 'LECCO', 'VIA FOPPE, 8/B', 'ERVE', 'LICEO', '2015-05-29 05:59:06', '2015-05-29 05:59:06', 13),
(278, 0, 'PIETRO', 'ANDREOTTI', 'NDRPTR98A07E507C', '1998-01-07', 'LECCO', 'VIA AI MOLINI, 34', 'LECCO', 'MECCANICA', '2015-05-29 05:59:19', '2015-05-29 05:59:19', 14),
(279, 0, 'MIRCO', 'BESANA', 'BSNMRC98R31D416Y', '1998-10-31', 'ERBA', 'VIA CARLO PORTA 3', 'BARZAGO', 'MECCANICA', '2015-05-29 05:59:19', '2015-05-29 05:59:19', 14),
(280, 0, 'MARCELLO', 'BESUTTI', 'BSTMCL98P10C933X', '1998-09-10', 'COMO', 'VIA ROMA, 46', 'BARZAGO', 'MECCANICA', '2015-05-29 05:59:19', '2015-05-29 05:59:19', 14),
(281, 0, 'MATTEO', 'BIANCHI', 'BNCMTT98B07E507N', '1998-02-07', 'LECCO', 'VIA G. D''ANNUNZIO, 8', 'OLGIATE MOLGORA', 'MECCANICA', '2015-05-29 05:59:19', '2015-05-29 05:59:19', 14),
(282, 0, 'LORENZO', 'BONOMELLI', 'BNMLNZ98E22B729R', '1998-05-22', 'CARATE BRIANZA', 'VIA PARINI 10', 'BULCIAGO', 'MECCANICA', '2015-05-29 05:59:19', '2015-05-29 05:59:19', 14),
(283, 0, 'MILO', 'CASIRAGHI', 'CSRMLI98A29D416G', '1998-01-29', 'ERBA', 'VIA CADORNA, 44', 'COSTA MASNAGA', 'MECCANICA', '2015-05-29 05:59:19', '2015-05-29 05:59:19', 14),
(284, 0, 'DANIELE', 'COLOMBO', 'CLMDNL98A30E507G', '1998-01-30', 'LECCO', 'VIA FILANDA, 18', 'MONTE MARENZO', 'MECCANICA', '2015-05-29 05:59:19', '2015-05-29 05:59:19', 14),
(285, 0, 'GUGLIELMO', 'COLOMBO', 'CLMGLL98B14F133F', '1998-02-14', 'MERATE', 'VIA C. PORTA, 8', 'S.MARIA HOE''', 'MECCANICA', '2015-05-29 05:59:19', '2015-05-29 05:59:19', 14),
(286, 0, 'GIORGIO', 'DI DATO', 'DDTGRG97D12E507P', '1997-04-12', 'LECCO', 'V. AL BELLANO, 20', 'MANDELLO DEL LARIO', 'MECCANICA', '2015-05-29 05:59:19', '2015-05-29 05:59:19', 14),
(287, 0, 'DANIELE', 'FUMAGALLI', 'FMGDNL98C27E507F', '1998-03-27', 'LECCO', 'VIA DALLA CHIESA, 10', 'ROGENO', 'MECCANICA', '2015-05-29 05:59:19', '2015-05-29 05:59:19', 14),
(288, 0, 'ALESSIO', 'GIANOLA', 'GNLLSS98H24E507I', '1998-06-24', 'LECCO', 'VIA ROMA, 59', 'PREMANA', 'MECCANICA', '2015-05-29 05:59:19', '2015-05-29 05:59:19', 14),
(289, 0, 'LUCA', 'MILANI', 'MLNLCU97H12E507O', '1997-06-12', 'LECCO', 'VIA AI POGGI 58/C', 'LECCO', 'MECCANICA', '2015-05-29 05:59:19', '2015-05-29 05:59:19', 14),
(290, 0, 'FRANCESCO', 'MORGANTI', 'MRGFNC97T20D416U', '1997-12-20', 'ERBA', 'VIA DEI MILLE, 2', 'CISANO BERGAMASCO', 'MECCANICA', '2015-05-29 05:59:19', '2015-05-29 05:59:19', 14),
(291, 0, 'SAMUELE', 'RADAELLI', 'RDLSML98P08E507R', '1998-09-08', 'LECCO', 'VIA  MILANO, 18', 'OLGINATE', 'MECCANICA', '2015-05-29 05:59:19', '2015-05-29 05:59:19', 14),
(292, 0, 'MARCO', 'SALIERNO', 'SLRMRC98P01E507P', '1998-09-01', 'LECCO', 'VIA GRIGNE, 1/C', 'VERCURAGO', 'MECCANICA', '2015-05-29 05:59:20', '2015-05-29 05:59:20', 14);
INSERT INTO `studenti` (`id`, `matricola`, `nome`, `cognome`, `CF`, `dataNascita`, `comuneNascita`, `indirizzo`, `comuneResidenza`, `articolazione`, `created_at`, `updated_at`, `classe_id`) VALUES
(293, 0, 'DAVIDE', 'SELVA', 'SLVDVD98B10F133R', '1998-02-10', 'MERATE', 'VIA G. PARINI N.5', 'CESANA BRIANZA', 'MECCANICA', '2015-05-29 05:59:20', '2015-05-29 05:59:20', 14),
(294, 0, 'GIULIO', 'SIRONI', 'SRNGLI99A06C933Q', '1999-01-06', 'COMO', 'VIA PORTANEA 25', 'BULCIAGO', 'MECCANICA', '2015-05-29 05:59:20', '2015-05-29 05:59:20', 14),
(295, 0, 'MASSIMILIANO', 'TERRANEO', 'TRRMSM98S28M052E', '1998-11-28', 'VIMERCATE', 'VIA G. DI VITTORIO, 7', 'CASSAGO BRIANZA', 'MECCANICA', '2015-05-29 05:59:20', '2015-05-29 05:59:20', 14),
(296, 0, 'ANDREA', 'VERGOTTINI', 'VRGNDR97E22E507B', '1997-05-22', 'LECCO', 'VIA S. GIOVANNI BOSCO, 1', 'MANDELLO DEL LARIO', 'MECCANICA', '2015-05-29 05:59:20', '2015-05-29 05:59:20', 14),
(297, 0, 'EZIO', 'VINOGRADOV', 'VNGZEI98B02E507S', '1998-02-02', 'LECCO', 'V.LE CARSO, 21', 'PRIMALUNA', 'MECCANICA', '2015-05-29 05:59:20', '2015-05-29 05:59:20', 14),
(298, 0, 'MATTEO', 'AUSTONI', 'STNMTT98C24E507T', '1998-03-24', 'LECCO', 'VIA CALCHERA, 77/A', 'GARLATE', 'MECCANICA', '2015-05-29 05:59:34', '2015-05-29 05:59:34', 15),
(299, 0, 'PIETRO', 'BOSELLI', 'BSLPTR97H25E507G', '1997-06-25', 'LECCO', 'VIA CERSCERA, 14/D', 'CIVATE', 'MECCANICA', '2015-05-29 05:59:34', '2015-05-29 05:59:34', 15),
(300, 0, 'THOMAS', 'BUZZETTI', 'BZZTMS98L04E507X', '1998-07-04', 'LECCO', 'VIA MASSIMO D''AZEGLIO,12', 'BALLABIO', 'MECCANICA', '2015-05-29 05:59:34', '2015-05-29 05:59:34', 15),
(301, 0, 'SEBASTIANO SILVIO EN', 'DEL DUCA', 'DLDSST98M07F133X', '1998-08-07', 'MERATE', 'VIA ROMA, 14', 'ERVE', 'MECCANICA', '2015-05-29 05:59:34', '2015-05-29 05:59:34', 15),
(302, 0, 'MATTEO', 'DELL''ORO', 'DLLMTT98S06E507B', '1998-11-06', 'LECCO', 'VIA CALCHERA,37/B', 'GARLATE', 'MECCANICA', '2015-05-29 05:59:34', '2015-05-29 05:59:34', 15),
(303, 0, 'MATTIA', 'FASOLI', 'FSLMTT98P30E507U', '1998-09-30', 'LECCO', 'VIA LUINI, 2', 'MANDELLO DEL LARIO', 'MECCANICA', '2015-05-29 05:59:34', '2015-05-29 05:59:34', 15),
(304, 0, 'SIMONE', 'FERRARETTO', 'FRRSMN98C02D416Y', '1998-03-02', 'ERBA', 'VIA  PUCCINI 12', 'CESANA BRIANZA', 'MECCANICA', '2015-05-29 05:59:34', '2015-05-29 05:59:34', 15),
(305, 0, 'SIMONE', 'FIGINI', 'FGNSMN98L08E507S', '1998-07-08', 'LECCO', 'VIA SS. COSMA E DAMIANO, 70/E', 'CALOLZIOCORTE', 'MECCANICA', '2015-05-29 05:59:34', '2015-05-29 05:59:34', 15),
(306, 0, 'MATTEO', 'FILIGURA', 'FLGMTT98E21D416W', '1998-05-21', 'ERBA', 'VIA DE GASPERI 8A', 'NIBIONNO', 'MECCANICA', '2015-05-29 05:59:34', '2015-05-29 05:59:34', 15),
(307, 0, 'ALESSANDRO', 'FUMAGALLI', 'FMGLSN97B15E507W', '1997-02-15', 'LECCO', 'VIA RIVOLTA,1', 'LECCO', 'MECCANICA', '2015-05-29 05:59:34', '2015-05-29 05:59:34', 15),
(308, 0, 'LORENZO', 'GATTICO', 'GTTLNZ98A14I577H', '1998-01-14', 'SEGRATE', 'VIA GARIBALDI 52', 'MISSAGLIA', 'MECCANICA', '2015-05-29 05:59:34', '2015-05-29 05:59:34', 15),
(309, 0, 'LORENZO', 'GNECCHI', 'GNCLNZ98T23E507T', '1998-12-23', 'LECCO', 'C.SO BERGAMO, 87', 'LECCO', 'MECCANICA', '2015-05-29 05:59:34', '2015-05-29 05:59:34', 15),
(310, 0, 'LUCA', 'MILANI', 'MLNLCU98L03E507D', '1998-07-03', 'LECCO', 'VIA FAVIRANO, 7/A', 'TORRE DE'' BUSI', 'MECCANICA', '2015-05-29 05:59:34', '2015-05-29 05:59:34', 15),
(311, 0, 'VITTORIO', 'PASQUIN', 'PSQVTR98T08E507T', '1998-12-08', 'LECCO', 'VIA MUGIASCO, 5', 'LIERNA', 'MECCANICA', '2015-05-29 05:59:34', '2015-05-29 05:59:34', 15),
(312, 0, 'MATTIA', 'PASSERINI', 'PSSMTT98P08E507H', '1998-09-08', 'LECCO', 'VIA CARIOLE, 21', 'PASTURO', 'MECCANICA', '2015-05-29 05:59:34', '2015-05-29 05:59:34', 15),
(313, 0, 'CRISTIAN', 'PLATTI', 'PLTCST98C14E507J', '1998-03-14', 'LECCO', 'VIA ROMA, 29', 'PASTURO', 'MECCANICA', '2015-05-29 05:59:35', '2015-05-29 05:59:35', 15),
(314, 0, 'CATALIN CLAUDIU', 'POP', 'PPOCLN98P20Z129B', '1998-09-20', 'NEGRESTI -OAS', 'VIA G. GARIBALDI, 117', 'MISSAGLIA', 'MECCANICA', '2015-05-29 05:59:35', '2015-05-29 05:59:35', 15),
(315, 0, 'DAVIDE', 'RIVA', 'RVIDVD98L03F133P', '1998-07-03', 'MERATE', 'VIA PAPA GIOVANNI XXIII, 36', 'PESCATE', 'MECCANICA', '2015-05-29 05:59:35', '2015-05-29 05:59:35', 15),
(316, 0, 'ALESSANDRO MARIA', 'TOGNAZZI', 'TGNLSN98T05F205Z', '1998-12-05', 'MILANO', 'VIA PRIVATA MAZZET, 23', 'CREMENO', 'MECCANICA', '2015-05-29 05:59:35', '2015-05-29 05:59:35', 15),
(317, 0, 'GIANLUCA', 'VALSECCHI', 'VLSGLC97C18D416W', '1997-03-18', 'ERBA', 'VICOLO  G. GARIBALIDI 5', 'PUSIANO', 'MECCANICA', '2015-05-29 05:59:35', '2015-05-29 05:59:35', 15),
(318, 0, 'DAVIDE', 'VISCONTI', 'VSCDVD98L11E507N', '1998-07-11', 'LECCO', 'VIA PRATO DELLA SORTE, 7', 'MONTE MARENZO', 'MECCANICA', '2015-05-29 05:59:35', '2015-05-29 05:59:35', 15),
(319, 0, 'ANDREA', 'ARCHETTI', 'RCHNDR98M14E507Z', '1998-08-14', 'LECCO', 'VIA SANTA MARIA,,46/A', 'OLGINATE', 'TELECOMUNICAZIONI', '2015-05-29 05:59:56', '2015-05-29 05:59:56', 16),
(320, 0, 'DAMIANO', 'BONFANTI', 'BNFDMN98D25E507P', '1998-04-25', 'LECCO', 'VIA PIAVE, 5/A', 'OLGIATE MOLGORA', 'TELECOMUNICAZIONI', '2015-05-29 05:59:56', '2015-05-29 05:59:56', 16),
(321, 0, 'GIULIO', 'BOSISIO', 'BSSGLI98B14D416L', '1998-02-14', 'ERBA', 'VIA DON STURZO,20', 'GALBIATE', 'TELECOMUNICAZIONI', '2015-05-29 05:59:56', '2015-05-29 05:59:56', 16),
(322, 0, 'MARTIN', 'BROSSA', 'BRSMTN97L28E507Z', '1997-07-28', 'LECCO', 'VIA F.LLI CALVI, 10', 'CALOLZIOCORTE', 'TELECOMUNICAZIONI', '2015-05-29 05:59:56', '2015-05-29 05:59:56', 16),
(323, 0, 'EDOARDO DAVIDE', 'CASATI', 'CSTDDD98S26F133T', '1998-11-26', 'MERATE', 'VIA PIAVE, 29', 'ROBBIATE', 'TELECOMUNICAZIONI', '2015-05-29 05:59:56', '2015-05-29 05:59:56', 16),
(324, 0, 'ROBERTA', 'CIRESA', 'CRSRRT98L71E507W', '1998-07-31', 'LECCO', 'VIA E. FERMI, 32', 'CREMENO', 'TELECOMUNICAZIONI', '2015-05-29 05:59:56', '2015-05-29 05:59:56', 16),
(325, 0, 'LUCA', 'DONIZETTI', 'DNZLCU98R18E507O', '1998-10-18', 'LECCO', 'VIA C. CATTANEO 51', 'MANDELLO DEL LARIO', 'TELECOMUNICAZIONI', '2015-05-29 05:59:56', '2015-05-29 05:59:56', 16),
(326, 0, 'NICOLE', 'FONTANA', 'FNTNCL98P66E507A', '1998-09-26', 'LECCO', 'VIA PAPA GIOVANNI XXIII, 5', 'MONTE MARENZO', 'TELECOMUNICAZIONI', '2015-05-29 05:59:57', '2015-05-29 05:59:57', 16),
(327, 0, 'ANDREA', 'FRANZANTE', 'FRNNDR98C03E507G', '1998-03-03', 'LECCO', 'VIA LEOPARDI, 23', 'LECCO', 'TELECOMUNICAZIONI', '2015-05-29 05:59:57', '2015-05-29 05:59:57', 16),
(328, 0, 'ANDREA', 'GADDI', 'GDDNDR98L22E507G', '1998-07-22', 'LECCO', 'VIA DEI MONTI 18', 'MANDELLO DEL LARIO', 'TELECOMUNICAZIONI', '2015-05-29 05:59:57', '2015-05-29 05:59:57', 16),
(329, 0, 'FEDERICO', 'GELMI', 'GLMFRC98E15E151Q', '1998-05-15', 'GRAVEDONA', 'VIA LA FABBRICA, 6', 'COLICO', 'TELECOMUNICAZIONI', '2015-05-29 05:59:57', '2015-05-29 05:59:57', 16),
(330, 0, 'JAISON', 'LAZZARI', 'LZZJSN98T30E507L', '1998-12-30', 'LECCO', 'VIA VILLAGGIO GIARDINO, 4', 'BELLANO', 'TELECOMUNICAZIONI', '2015-05-29 05:59:57', '2015-05-29 05:59:57', 16),
(331, 0, 'NICOLAS', 'LIGUORI', 'LGRNLS98C16E507H', '1998-03-16', 'LECCO', 'VIA CAMPAGNOLA,18', 'OLGINATE', 'TELECOMUNICAZIONI', '2015-05-29 05:59:57', '2015-05-29 05:59:57', 16),
(332, 0, 'GIOVANNI', 'MALUGANI', 'MLGGNN98B13E507Y', '1998-02-13', 'LECCO', 'VIA FABIO FILZI, 4', 'CORTENOVA', 'TELECOMUNICAZIONI', '2015-05-29 05:59:57', '2015-05-29 05:59:57', 16),
(333, 0, 'GUGLIELMO DANIELE', 'MAZZESI', 'MZZGLL97E16F133Z', '1997-05-16', 'MERATE', 'VIA TRONCHERA DI MEZZO,8/A', 'CISANO BERGAMASCO', 'TELECOMUNICAZIONI', '2015-05-29 05:59:57', '2015-05-29 05:59:57', 16),
(334, 0, 'EDY GIOVANNA', 'MONETA', 'MNTDGV98M67E507G', '1998-08-27', 'LECCO', 'P.ZZA IV NOVEMBRE, 8/BIS', 'PRIMALUNA', 'TELECOMUNICAZIONI', '2015-05-29 05:59:57', '2015-05-29 05:59:57', 16),
(335, 0, 'MATTIA', 'ORIO', 'ROIMTT98E10F205T', '1998-05-10', 'MILANO', 'FRAZIONE OMBRIACO, 99/A', 'BELLANO', 'TELECOMUNICAZIONI', '2015-05-29 05:59:57', '2015-05-29 05:59:57', 16),
(336, 0, 'DARIO', 'PAGLIARO', 'PGLDRA97T29F133A', '1997-12-29', 'MERATE', 'VIA MIRASOLE, 105', 'OLGIATE MOLGORA', 'TELECOMUNICAZIONI', '2015-05-29 05:59:57', '2015-05-29 05:59:57', 16),
(337, 0, 'PAOLO', 'PAPINI', 'PPNPLA97E28E507T', '1997-05-28', 'LECCO', 'VIA PADRI SERVITI 21', 'CALOLZIOCORTE', 'TELECOMUNICAZIONI', '2015-05-29 05:59:57', '2015-05-29 05:59:57', 16),
(338, 0, 'KEVIN', 'PARISI', 'PRSKVN98R12Z112J', '1998-10-12', 'STOCCARDA', 'VIA SCEREGALLI, 7', 'INTROBIO', 'TELECOMUNICAZIONI', '2015-05-29 05:59:57', '2015-05-29 05:59:57', 16),
(339, 0, 'PAOLO', 'REDAELLI', 'RDLPLA98D19D416Q', '1998-04-19', 'ERBA', 'VIA ROSSI N. 21', 'SUELLO', 'TELECOMUNICAZIONI', '2015-05-29 05:59:58', '2015-05-29 05:59:58', 16),
(340, 0, 'LUCA', 'ROTA STABELLI', 'RTSLCU98H11E507A', '1998-06-11', 'LECCO', 'VIA P. MARONCELLI, 12', 'LECCO', 'TELECOMUNICAZIONI', '2015-05-29 05:59:58', '2015-05-29 05:59:58', 16),
(341, 0, 'MATTIA', 'SCOZZAFAVA', 'SCZMTT98P22E507Z', '1998-09-22', 'LECCO', 'VIA DELLA LIBERTA'' , 47', 'LIERNA', 'TELECOMUNICAZIONI', '2015-05-29 05:59:58', '2015-05-29 05:59:58', 16),
(342, 0, 'VINCENZO', 'TRIMARCHI', 'TRMVCN98A26G856Y', '1998-01-26', 'PONTE SAN PIETRO', 'VIA NAZIONALE, 175/B', 'ABBADIA LARIANA', 'TELECOMUNICAZIONI', '2015-05-29 05:59:58', '2015-05-29 05:59:58', 16),
(343, 0, 'ALESSANDRO', 'VIGANO''', 'VGNLSN98L02E507O', '1998-07-02', 'LECCO', 'VIA DUCALE, 11', 'LIERNA', 'TELECOMUNICAZIONI', '2015-05-29 05:59:58', '2015-05-29 05:59:58', 16),
(344, 0, 'LUCA STEFANO', 'ZACCANTI', 'ZCCLST98D13F205J', '1998-04-13', 'MILANO', 'VIA MULINO, 10', 'CARENNO', 'TELECOMUNICAZIONI', '2015-05-29 05:59:58', '2015-05-29 05:59:58', 16),
(345, 0, 'LUCA', 'BONSANTO', 'BNSLCU99A03E507D', '1999-01-03', 'LECCO', 'VIA C. BATTISTI 19', 'VALMADRERA', 'GEOMETRA', '2015-05-29 06:00:17', '2015-05-29 06:00:17', 17),
(346, 0, 'JACOPO', 'CALVIELLO', 'CLVJCP98P29E507O', '1998-09-29', 'LECCO', 'VIA AI PINI, 12', 'LECCO', 'GEOMETRA', '2015-05-29 06:00:17', '2015-05-29 06:00:17', 17),
(347, 0, 'RUDI', 'CAVERIO', 'CVRRDU98H07D416N', '1998-06-07', 'ERBA', 'VIA LEGNONE, 9', 'PAGNONA', 'GEOMETRA', '2015-05-29 06:00:17', '2015-05-29 06:00:17', 17),
(348, 0, 'GIOELE ARIBERTO', 'COLOMBO', 'CLMGRB97S04F704Z', '1997-11-04', 'MONZA', 'VIA DELLE SUFFRAGETTE,6', 'MISSAGLIA', 'GEOMETRA', '2015-05-29 06:00:17', '2015-05-29 06:00:17', 17),
(349, 0, 'NICHOLAS', 'COLOMBO', 'CLMNHL97C15E507A', '1997-03-15', 'LECCO', 'VIALE COSTITUZIONE,89/A', 'MANDELLO DEL LARIO', 'GEOMETRA', '2015-05-29 06:00:17', '2015-05-29 06:00:17', 17),
(350, 0, 'ELENA', 'CUSINI', 'CSNLNE98L58I828B', '1998-07-18', 'SONDALO', 'C.SO E. FILIBERTO, 100', 'LECCO', 'GEOMETRA', '2015-05-29 06:00:18', '2015-05-29 06:00:18', 17),
(351, 0, 'DAVIDE', 'DECATALDO', 'DCTDVD98B21E507A', '1998-02-21', 'LECCO', 'VIALE  DELLA VITTORIA 20', 'INTROBIO', 'GEOMETRA', '2015-05-29 06:00:18', '2015-05-29 06:00:18', 17),
(352, 0, 'MATTEO', 'DOZIO', 'DZOMTT98S24F704P', '1998-11-24', 'MONZA', 'VIA RIMEMBRANZE  N.1', 'BEVERATE DI BRIVIO', 'GEOMETRA', '2015-05-29 06:00:18', '2015-05-29 06:00:18', 17),
(353, 0, 'GIULIANA', 'FAZZINI', 'FZZGLN98D44E507L', '1998-04-04', 'LECCO', 'VIA RISORGIMENTO, 10', 'PREMANA', 'GEOMETRA', '2015-05-29 06:00:18', '2015-05-29 06:00:18', 17),
(354, 0, 'CHIARA', 'FORNONI', 'FRNCHR98H62E507V', '1998-06-22', 'LECCO', 'VIA  G. MAZZINI, 4', 'CALOLZIOCORTE', 'GEOMETRA', '2015-05-29 06:00:18', '2015-05-29 06:00:18', 17),
(355, 0, 'ALESSANDRO', 'GARDELLI', 'GRDLSN98S24E507F', '1998-11-24', 'LECCO', 'VIA DEI GELSI, 29', 'VALGREGHENTINO', 'GEOMETRA', '2015-05-29 06:00:18', '2015-05-29 06:00:18', 17),
(356, 0, 'SIMONE', 'GHEZZI', 'GHZSMN98T04F133F', '1998-12-04', 'MERATE', 'VIA S. PIETRO, 19', 'PEREGO', 'GEOMETRA', '2015-05-29 06:00:18', '2015-05-29 06:00:18', 17),
(357, 0, 'ROBAN DEEP', 'PASMA', 'PSMRND98E22E507C', '1998-05-22', 'LECCO', 'VIA G. GARIBALDI, 2', 'SIRONE', 'GEOMETRA', '2015-05-29 06:00:18', '2015-05-29 06:00:18', 17),
(358, 0, 'ALESSANDRO', 'POZZI', 'PZZLSN98S09F205Q', '1998-11-09', 'MILANO', 'VIA SEMINARIO,34/A', 'LECCO', 'GEOMETRA', '2015-05-29 06:00:18', '2015-05-29 06:00:18', 17),
(359, 0, 'ALESSANDRO', 'RAIMONDI COMINESI', 'RMNLSN98E28B729U', '1998-05-28', 'CARATE BRIANZA', 'VIA LE AGOSTANE 4', 'ELLO', 'GEOMETRA', '2015-05-29 06:00:18', '2015-05-29 06:00:18', 17),
(360, 0, 'RICCARDO JAMES', 'RENDINA', 'RNDRCR97C21I577R', '1997-03-21', 'SEGRATE', 'VIA SAN GIOVANNI 2A', 'CRANDOLA VALSASSINA', 'GEOMETRA', '2015-05-29 06:00:18', '2015-05-29 06:00:18', 17),
(361, 0, 'FRANCESCO', 'RIZZUTI', 'RZZFNC98C25C352V', '1998-03-25', 'CATANZARO', 'VIA DON LUIGI MONZA, 44', 'LECCO', 'GEOMETRA', '2015-05-29 06:00:18', '2015-05-29 06:00:18', 17),
(362, 0, 'LAURA', 'BASILE', 'BSLLRA98S60E507T', '1998-11-20', 'LECCO', 'VIA COLDIRONE, 3/A', 'INTROBIO', 'GEOMETRA', '2015-05-29 06:00:33', '2015-05-29 06:00:33', 18),
(363, 0, 'MATTEO', 'BAZZI', 'BZZMTT97H01E507Q', '1997-06-01', 'LECCO', 'VIA SAN LEONARDO, 10', 'MALGRATE', 'GEOMETRA', '2015-05-29 06:00:33', '2015-05-29 06:00:33', 18),
(364, 0, 'ARIANNA', 'BERI', 'BRERNN98T53E507J', '1998-12-13', 'LECCO', 'VIA VECCHIA PROVINCIALE,  52', 'PRIMALUNA', 'GEOMETRA', '2015-05-29 06:00:33', '2015-05-29 06:00:33', 18),
(365, 0, 'GIULIO', 'BITTOLO-BON', 'BTTGLI97B25E507Y', '1997-02-25', 'LECCO', 'VIA CANEVATE 2', 'GALBIATE', 'GEOMETRA', '2015-05-29 06:00:33', '2015-05-29 06:00:33', 18),
(366, 0, 'GABRIELE', 'CANTONI', 'CNTGRL98P15E507H', '1998-09-15', 'LECCO', 'VIA ALDO MORO, 7/B', 'MANDELLO DEL LARIO', 'GEOMETRA', '2015-05-29 06:00:33', '2015-05-29 06:00:33', 18),
(367, 0, 'KATIA', 'CIRESA', 'CRSKTA98H46E507B', '1998-06-06', 'LECCO', 'VIA  A. CANTORE, 9', 'CORTENOVA', 'GEOMETRA', '2015-05-29 06:00:33', '2015-05-29 06:00:33', 18),
(368, 0, 'GIULIA', 'DELL''ANDREA', 'DLLGLI98C67E507B', '1998-03-27', 'LECCO', 'VIA LUNGO LAGO, 3', 'ABBADIA LARIANA', 'GEOMETRA', '2015-05-29 06:00:33', '2015-05-29 06:00:33', 18),
(369, 0, 'DIJANA', 'DJORDJEVIC', 'DJRDJN98S57Z118N', '1998-11-17', 'GNJILANE', 'VIA CARRERI, 32', 'PASTURO', 'GEOMETRA', '2015-05-29 06:00:33', '2015-05-29 06:00:33', 18),
(370, 0, 'GIULIA', 'DONIZETTI', 'DNZGLI98L44E507L', '1998-07-04', 'LECCO', 'VIA STRADA  PER MAGGIANA, 36', 'MANDELLO DEL LARIO', 'GEOMETRA', '2015-05-29 06:00:33', '2015-05-29 06:00:33', 18),
(371, 0, 'STEFANO', 'FRIGERIO', 'FRGSFN98H04D416Q', '1998-06-04', 'ERBA', 'VIA G.DI VITTORIO, 15', 'COSTA MASNAGA', 'GEOMETRA', '2015-05-29 06:00:33', '2015-05-29 06:00:33', 18),
(372, 0, 'MARTA', 'PANZA', 'PNZMRT98P56E507I', '1998-09-16', 'LECCO', 'VIA PER CASTELLO, 18/F', 'ABBADIA LARIANA', 'GEOMETRA', '2015-05-29 06:00:33', '2015-05-29 06:00:33', 18),
(373, 0, 'SARA', 'PICCINELLI', 'PCCSRA98B49E507U', '1998-02-09', 'LECCO', 'VIA FILIPPETTA, 164', 'GARLATE', 'GEOMETRA', '2015-05-29 06:00:33', '2015-05-29 06:00:33', 18),
(374, 0, 'MARTINA', 'PONZONI', 'PNZMTN98P61F133B', '1998-09-21', 'MERATE', 'VIA TRENTO,30', 'OSNAGO', 'GEOMETRA', '2015-05-29 06:00:33', '2015-05-29 06:00:33', 18),
(375, 0, 'AMOL', 'RIVA', 'RVIMLA98A20Z222E', '1998-01-20', 'VASAI THANE', 'VIA ENRICO FERMI, 14', 'LOMAGNA', 'GEOMETRA', '2015-05-29 06:00:33', '2015-05-29 06:00:33', 18),
(376, 0, 'GLORIA', 'SANGIORGIO', 'SNGGLR98M60E507Z', '1998-08-20', 'LECCO', 'VIA PRIVATA AL SERPAL, 1', 'BELLAGIO', 'GEOMETRA', '2015-05-29 06:00:34', '2015-05-29 06:00:34', 18),
(377, 0, 'ANDREA', 'TAGLIAFERRI', 'TGLNDR98H04C623M', '1998-06-04', 'CHIAVENNA', 'VIA AL BACCO 52/A', 'COLICO', 'GEOMETRA', '2015-05-29 06:00:34', '2015-05-29 06:00:34', 18),
(378, 0, 'LUCA', 'TENDERINI', 'TNDLCU97T09E507L', '1997-12-09', 'LECCO', 'VIA ROMA,38', 'PREMANA', 'GEOMETRA', '2015-05-29 06:00:34', '2015-05-29 06:00:34', 18),
(379, 0, 'MARCO', 'VERLINO', 'VRLMRC98T22E507H', '1998-12-22', 'LECCO', 'VIA STABILINI,18', 'MALGRATE', 'GEOMETRA', '2015-05-29 06:00:34', '2015-05-29 06:00:34', 18),
(380, 0, 'ALBERTO', 'VILLA', 'VLLLRT97E09E507Z', '1997-05-09', 'LECCO', 'VIA PETRARCA 30/4', 'MANDELLO DEL LARIO', 'GEOMETRA', '2015-05-29 06:00:34', '2015-05-29 06:00:34', 18),
(381, 0, 'LETIZIA', 'ALDE''', 'LDALTZ97P46E507M', '1997-09-06', 'LECCO', 'VIA ALLA FONTANA, 9', 'LECCO', 'GEOMETRA', '2015-05-29 06:00:48', '2015-05-29 06:00:48', 19),
(382, 0, 'PIETRO', 'BRIGATTI', 'BRGPTR97E26E507K', '1997-05-26', 'LECCO', 'VIA 9 FEBBRAIO, 22', 'LECCO', 'GEOMETRA', '2015-05-29 06:00:48', '2015-05-29 06:00:48', 19),
(383, 0, 'MICHELE', 'CRIPPA', 'CRPMHL97A25E507N', '1997-01-25', 'LECCO', 'VIA PARTIGIANI, 56', 'LECCO', 'GEOMETRA', '2015-05-29 06:00:49', '2015-05-29 06:00:49', 19),
(384, 0, 'MATTEO', 'FIORE', 'FRIMTT97S20E507P', '1997-11-20', 'LECCO', 'VIA F.LLI BARACCA 33', 'LECCO', 'GEOMETRA', '2015-05-29 06:00:49', '2015-05-29 06:00:49', 19),
(385, 0, 'LAURA', 'FUMAGALLI', 'FMGLRA97B52E507B', '1997-02-12', 'LECCO', 'VIA LARIANA,1', 'COLLE BRIANZA', 'GEOMETRA', '2015-05-29 06:00:49', '2015-05-29 06:00:49', 19),
(386, 0, 'CHIARA', 'GADDI', 'GDDCHR97H63E507X', '1997-06-23', 'LECCO', 'VIA PER NOVEGOLO 27', 'ABBADIA LARIANA', 'GEOMETRA', '2015-05-29 06:00:49', '2015-05-29 06:00:49', 19),
(387, 0, 'RICCARDO', 'GADDI', 'GDDRCR97D19E507Z', '1997-04-19', 'LECCO', 'VIA DON CARLO RASPINI 13', 'ABBADIA LARIANA', 'GEOMETRA', '2015-05-29 06:00:49', '2015-05-29 06:00:49', 19),
(388, 0, 'ALESSIA', 'GEROSA', 'GRSLSS97P65E507N', '1997-09-25', 'LECCO', 'VIA GALBANI, 6', 'BALLABIO', 'GEOMETRA', '2015-05-29 06:00:49', '2015-05-29 06:00:49', 19),
(389, 0, 'VINCENZO', 'GUADAGNINO', 'GDGVCN96D15E507Y', '1996-04-15', 'LECCO', 'VIA ALLA ROVINATA 37', 'LECCO', 'GEOMETRA', '2015-05-29 06:00:49', '2015-05-29 06:00:49', 19),
(390, 0, 'KLEJDIS', 'MUCODEMI', 'MCDKJD97A52Z100W', '1997-01-12', 'TIRANA', 'Via  Paolo Perazzo, 16', 'LECCO', 'GEOMETRA', '2015-05-29 06:00:49', '2015-05-29 06:00:49', 19),
(391, 0, 'MARCO', 'ORECCHIA', 'RCCMRC96E07F133B', '1996-05-07', 'MERATE', 'VIA PIAVE,11', 'ROBBIATE', 'GEOMETRA', '2015-05-29 06:00:49', '2015-05-29 06:00:49', 19),
(392, 0, 'SAMUELE TOMMASO DAMIANO', 'PECORA', 'PCRSLT97L30F133B', '1997-07-30', 'MERATE', 'VICOLO COLOMBINO, 2/D', 'MERATE', 'GEOMETRA', '2015-05-29 06:00:49', '2015-05-29 06:00:49', 19),
(393, 0, 'GIUSEPPE', 'PEPE', 'PPEGPP96P15E507Z', '1996-09-15', 'LECCO', 'VIA ALBENZA, 5', 'VERCURAGO', 'GEOMETRA', '2015-05-29 06:00:49', '2015-05-29 06:00:49', 19),
(394, 0, 'DARIO', 'POZZI', 'PZZDRA97B24D416Z', '1997-02-24', 'ERBA', 'VIA  DON A. BUZZI, 7', 'SIRONE', 'GEOMETRA', '2015-05-29 06:00:49', '2015-05-29 06:00:49', 19),
(395, 0, 'MANUEL', 'PRUITI CIORELLO', 'PRTMNL96B01E507I', '1996-02-01', 'LECCO', 'VIA DON MORAZZONE, 145', 'LECCO', 'GEOMETRA', '2015-05-29 06:00:49', '2015-05-29 06:00:49', 19),
(396, 0, 'ELISA', 'RIPAMONTI', 'RPMLSE97A66E507W', '1997-01-26', 'LECCO', 'VIA LARIANA 46', 'COLLE BRIANZA', 'GEOMETRA', '2015-05-29 06:00:49', '2015-05-29 06:00:49', 19),
(397, 0, 'MATTEO VINCENZO', 'SQUILLACE', 'SQLMTV97C05F133K', '1997-03-05', 'MERATE', 'VIA ISONZO,6', 'ROBBIATE', 'GEOMETRA', '2015-05-29 06:00:49', '2015-05-29 06:00:49', 19),
(398, 0, 'CLAUDIA', 'BIFFI', 'BFFCLD97S51E507C', '1997-11-11', 'LECCO', 'VIA BUZZONI, 4', 'BARZIO', 'GEOMETRA', '2015-05-29 06:01:05', '2015-05-29 06:01:05', 20),
(399, 0, 'ANDREA', 'BIRELLI', 'BRLNDR95M04E507P', '1995-08-04', 'LECCO', 'VIA PREVIATI, 21', 'LECCO', 'GEOMETRA', '2015-05-29 06:01:05', '2015-05-29 06:01:05', 20),
(400, 0, 'ANDREA', 'BRAMBILLA', 'BRMNDR96S24E507A', '1996-11-24', 'LECCO', 'VIA PROVINCIALE, 156/B', 'PRIMALUNA', 'GEOMETRA', '2015-05-29 06:01:05', '2015-05-29 06:01:05', 20),
(401, 0, 'SILVIA', 'CASTELNUOVO', 'CSTSLV97C43E507C', '1997-03-03', 'LECCO', 'VIA A. MORO 4', 'CESANA BRIANZA', 'GEOMETRA', '2015-05-29 06:01:05', '2015-05-29 06:01:05', 20),
(402, 0, 'CARLOTTA', 'FRACCARO', 'FRCCLT97D58E507X', '1997-04-18', 'LECCO', 'VIA PER CONCEDO, 49/B', 'MOGGIO', 'GEOMETRA', '2015-05-29 06:01:05', '2015-05-29 06:01:05', 20),
(403, 0, 'JACOPO', 'GALBUSERA', 'GLBJCP97C23D416V', '1997-03-23', 'ERBA', 'VIA CAMISASCA 10', 'COSTA MASNAGA', 'GEOMETRA', '2015-05-29 06:01:05', '2015-05-29 06:01:05', 20),
(404, 0, 'DANIEL', 'LACORTE', 'LCRDNL95L16E507Y', '1995-07-16', 'LECCO', 'VIA CAPOLINO 29 E', 'LECCO', 'GEOMETRA', '2015-05-29 06:01:05', '2015-05-29 06:01:05', 20),
(405, 0, 'ANDREA REBECCA', 'MALUGANI', 'MLGNRR97C45E507K', '1997-03-05', 'LECCO', 'VIA PIAVE, 3', 'MARGNO', 'GEOMETRA', '2015-05-29 06:01:05', '2015-05-29 06:01:05', 20),
(406, 0, 'MATTEO', 'MARONI', 'MRNMTT97P13E507R', '1997-09-13', 'LECCO', 'VIA DELLA VIGNA, 3', 'PRIMALUNA', 'GEOMETRA', '2015-05-29 06:01:05', '2015-05-29 06:01:05', 20),
(407, 0, 'MIRKO', 'MASCHERI', 'MSCMRK97R21E507N', '1997-10-21', 'LECCO', 'VIA RONCAIOLO, 2 A', 'CORTENOVA', 'GEOMETRA', '2015-05-29 06:01:05', '2015-05-29 06:01:05', 20),
(408, 0, 'GIADA', 'MEZZERA', 'MZZGDI97L46E507Q', '1997-07-06', 'LECCO', 'VIA S. ALESSANDRO 23', 'PESCATE', 'GEOMETRA', '2015-05-29 06:01:05', '2015-05-29 06:01:05', 20),
(409, 0, 'RICCARDO', 'PIAZZA', 'PZZRCR97L26E507R', '1997-07-26', 'LECCO', 'VIA VITTORIO VENETO, 10', 'INTROBIO', 'GEOMETRA', '2015-05-29 06:01:05', '2015-05-29 06:01:05', 20),
(410, 0, 'SIMONE', 'RIVA', 'RVISMN97H09E507P', '1997-06-09', 'LECCO', 'VIA CARIOLE, 21', 'PASTURO', 'GEOMETRA', '2015-05-29 06:01:05', '2015-05-29 06:01:05', 20),
(411, 0, 'ANDREA', 'ROSSI', 'RSSNDR97S30Z138K', '1997-11-30', 'VINNITSA', 'VIA ANGHILERI 14', 'LECCO', 'GEOMETRA', '2015-05-29 06:01:05', '2015-05-29 06:01:05', 20),
(412, 0, 'DANIELE', 'SAGGIN', 'SGGDNL97E12D416I', '1997-05-12', 'ERBA', 'VIA PIAVE 2/A', 'NIBIONNO', 'GEOMETRA', '2015-05-29 06:01:05', '2015-05-29 06:01:05', 20),
(413, 0, 'GABRIELE', 'SALA', 'SLAGRL97D19E507K', '1997-04-19', 'LECCO', 'VIA A. MANZONI, 21', 'CORTENOVA', 'GEOMETRA', '2015-05-29 06:01:06', '2015-05-29 06:01:06', 20),
(414, 0, 'MICHELE', 'VASSENA', 'VSSMHL97H16E507T', '1997-06-16', 'LECCO', 'P.ZZA CERMENATI, 18', 'LECCO', 'GEOMETRA', '2015-05-29 06:01:06', '2015-05-29 06:01:06', 20),
(415, 0, 'CHRISTIAN', 'VIGANO''', 'VGNCRS97E10E507H', '1997-05-10', 'LECCO', 'VIA PUCCINI 16', 'CESANA BRIANZA', 'GEOMETRA', '2015-05-29 06:01:06', '2015-05-29 06:01:06', 20),
(416, 0, 'CRISTIAN', 'BIFFI', 'BFFCST97R22F133F', '1997-10-22', 'MERATE', 'VIA ADDA, 14', 'CALCO', 'GEOMETRA', '2015-05-29 06:01:22', '2015-05-29 06:01:22', 21),
(417, 0, 'PIETRO', 'BONGARZONE', 'BNGPTR97R21E507Q', '1997-10-21', 'LECCO', 'VIA CARLO CATTANEO 73', 'LECCO', 'GEOMETRA', '2015-05-29 06:01:22', '2015-05-29 06:01:22', 21),
(418, 0, 'DAVIDE', 'CANALI', 'CNLDVD97A13E507F', '1997-01-13', 'LECCO', 'VIA S.ANTONIO, 4', 'CIVATE', 'GEOMETRA', '2015-05-29 06:01:22', '2015-05-29 06:01:22', 21),
(419, 0, 'LUCA', 'CANEPARI', 'CNPLCU97M03E507O', '1997-08-03', 'LECCO', 'P.ZZA A. MAROCCO 1', 'BARZIO', 'GEOMETRA', '2015-05-29 06:01:22', '2015-05-29 06:01:22', 21),
(420, 0, 'JOSHUA', 'CIPRIOTTI', 'CPRJSH97R29E507T', '1997-10-29', 'LECCO', 'VIA CARAVAGGIO, 18', 'VALGREGHENTINO', 'GEOMETRA', '2015-05-29 06:01:22', '2015-05-29 06:01:22', 21),
(421, 0, 'RICCARDO', 'CRIPPA', 'CRPRCR97E08E507Y', '1997-05-08', 'LECCO', 'C.SO MONTE ORTIGARA, 2', 'LECCO', 'GEOMETRA', '2015-05-29 06:01:22', '2015-05-29 06:01:22', 21),
(422, 0, 'PAOLO', 'DELL''ORO', 'DLLPLA97T03E507U', '1997-12-03', 'LECCO', 'VIA MAZZUCCONI, 13', 'LECCO', 'GEOMETRA', '2015-05-29 06:01:22', '2015-05-29 06:01:22', 21),
(423, 0, 'CAMILLA', 'DOZIO', 'DZOCLL96R53E507L', '1996-10-13', 'LECCO', 'VIA PARINI, 8', 'OLGIATE MOLGORA', 'GEOMETRA', '2015-05-29 06:01:22', '2015-05-29 06:01:22', 21),
(424, 0, 'ANDREA', 'ELIA', 'LEINDR97S25E507X', '1997-11-25', 'LECCO', 'VIA BRUSO 11', 'LECCO', 'GEOMETRA', '2015-05-29 06:01:22', '2015-05-29 06:01:22', 21),
(425, 0, 'ERICA', 'FINAZZI', 'FNZRCE97H68E507X', '1997-06-28', 'LECCO', 'VIA VARIGIONE 9', 'LECCO', 'GEOMETRA', '2015-05-29 06:01:22', '2015-05-29 06:01:22', 21),
(426, 0, 'DANIELE', 'FORMENTI', 'FRMDNL97A04E507Y', '1997-01-04', 'LECCO', 'VIA  COMO, 19', 'BRIVIO', 'GEOMETRA', '2015-05-29 06:01:22', '2015-05-29 06:01:22', 21),
(427, 0, 'GIULIA', 'GIANOLA', 'GNLGLI97E66E507M', '1997-05-26', 'LECCO', 'VIA MICHELANGELO, 13', 'PREMANA', 'GEOMETRA', '2015-05-29 06:01:22', '2015-05-29 06:01:22', 21),
(428, 0, 'THOMAS', 'GILARDONI', 'GLRTMS97L04E507I', '1997-07-04', 'LECCO', 'PIAZZA SACRO CUORE 10/B', 'MANDELLO DEL LARIO', 'GEOMETRA', '2015-05-29 06:01:22', '2015-05-29 06:01:22', 21),
(429, 0, 'PIETRO', 'GOTTIFREDI', 'GTTPTR97S27E507F', '1997-11-27', 'LECCO', 'VIA PARROCCHIALE 19', 'ABBADIA LARIANA', 'GEOMETRA', '2015-05-29 06:01:22', '2015-05-29 06:01:22', 21),
(430, 0, 'SIMONE', 'MARESI', 'MRSSMN97E11E507M', '1997-05-11', 'LECCO', 'VIA PAPA GIOVANNI XXIII,4', 'LIERNA', 'GEOMETRA', '2015-05-29 06:01:22', '2015-05-29 06:01:22', 21),
(431, 0, 'ALICE', 'RICCI', 'RCCLCA96L66E507N', '1996-07-26', 'LECCO', 'VIA S EGIDIO 11', 'LECCO', 'GEOMETRA', '2015-05-29 06:01:22', '2015-05-29 06:01:22', 21),
(432, 0, 'MICHELE', 'RIVA', 'RVIMHL97D28E507W', '1997-04-28', 'LECCO', 'VIA AQUILEIA, 4', 'LECCO', 'GEOMETRA', '2015-05-29 06:01:22', '2015-05-29 06:01:22', 21),
(433, 0, 'MARTA', 'SIRONI', 'SRNMRT96P63E507J', '1996-09-23', 'LECCO', 'VIA DELLE VIGNE, 23', 'DERVIO', 'GEOMETRA', '2015-05-29 06:01:22', '2015-05-29 06:01:22', 21),
(434, 0, 'ANTONIO', 'VITTORI', 'VTTNTN97A04E507Z', '1997-01-04', 'LECCO', 'VIA RISORGIMENTO, 79', 'PREMANA', 'GEOMETRA', '2015-05-29 06:01:23', '2015-05-29 06:01:23', 21),
(435, 0, 'NICCOLO''', 'ZONCA', 'ZNCNCL97S09A794K', '1997-11-09', 'BERGAMO', 'VIA COMO 7', 'LECCO', 'GEOMETRA', '2015-05-29 06:01:23', '2015-05-29 06:01:23', 21),
(436, 0, 'ERIKA', 'AMATO', 'MTARKE96H66E507E', '1996-06-26', 'LECCO', 'VIA MAESTRO M.BAROZZI 21/B', 'OLGINATE', 'INFORMATICA', '2015-05-29 06:01:34', '2015-05-29 06:01:34', 22),
(437, 0, 'NADIA', 'ARRIGONI', 'RRGNDA97P43E507G', '1997-09-03', 'LECCO', 'VIA NOCCOLI 29', 'CREMENO', 'INFORMATICA', '2015-05-29 06:01:34', '2015-05-29 06:01:34', 22),
(438, 0, 'EMMANUEL', 'AVERSA', 'VRSMNL97H16C352G', '1997-06-16', 'CATANZARO', 'VIA CASTELLO 31', 'LECCO', 'INFORMATICA', '2015-05-29 06:01:35', '2015-05-29 06:01:35', 22),
(439, 0, 'LUCA', 'BAGLIONI', 'BGLLCU96B17E507V', '1996-02-17', 'LECCO', 'VIA DEL MARE'', 4', 'GALBIATE', 'INFORMATICA', '2015-05-29 06:01:35', '2015-05-29 06:01:35', 22),
(440, 0, 'ELISA', 'BERNINI', 'BRNLSE97T43E507V', '1997-12-03', 'LECCO', 'VIA XXV APRILE, 7', 'BRIVIO', 'INFORMATICA', '2015-05-29 06:01:35', '2015-05-29 06:01:35', 22),
(441, 0, 'FILIPPO', 'COLELLA', 'CLLFPP97C28E507B', '1997-03-28', 'LECCO', 'VIA A. STOPPANI,592', 'GARLATE', 'INFORMATICA', '2015-05-29 06:01:35', '2015-05-29 06:01:35', 22),
(442, 0, 'MARCO', 'COLOMBO', 'CLMMRC96C05E507F', '1996-03-05', 'LECCO', 'VIA PRIVATA COLDOGNA, 5', 'BARZIO', 'INFORMATICA', '2015-05-29 06:01:35', '2015-05-29 06:01:35', 22),
(443, 0, 'DANIELE FRANCESCO', 'DI LECCE', 'DLCDLF97B03E507A', '1997-02-03', 'LECCO', 'VIA BONFANTI, 10', 'BOSISIO PARINI', 'INFORMATICA', '2015-05-29 06:01:35', '2015-05-29 06:01:35', 22),
(444, 0, 'LORENZO', 'ESPOSITO', 'SPSLNZ97P10E507G', '1997-09-10', 'LECCO', 'VIA LAVELLO 2', 'CALOLZIOCORTE', 'INFORMATICA', '2015-05-29 06:01:35', '2015-05-29 06:01:35', 22),
(445, 0, 'ELIA', 'FRANTUMA', 'FRNLEI97P14E507X', '1997-09-14', 'LECCO', 'VIA GRADISCA 4', 'LECCO', 'INFORMATICA', '2015-05-29 06:01:35', '2015-05-29 06:01:35', 22),
(446, 0, 'ERIKA', 'GATTO', 'GTTRKE97M44E507I', '1997-08-04', 'LECCO', 'VIA STATALE, 22', 'GARLATE', 'INFORMATICA', '2015-05-29 06:01:35', '2015-05-29 06:01:35', 22),
(447, 0, 'CARLO', 'LAZZARI', 'LZZCRL97H04D416Z', '1997-06-04', 'ERBA', 'VIA SABATELLI 59/B', 'VALMADRERA', 'INFORMATICA', '2015-05-29 06:01:35', '2015-05-29 06:01:35', 22),
(448, 0, 'STEFANO', 'LONGONI', 'LNGSFN98D26D416B', '1998-04-26', 'ERBA', 'VIA DON MINZONI, 5', 'CANZO', 'INFORMATICA', '2015-05-29 06:01:35', '2015-05-29 06:01:35', 22),
(449, 0, 'STEFANO', 'MAGGIONI', 'MGGSFN97L16D416D', '1997-07-16', 'ERBA', 'VIA G. GARIBALDI, 10', 'MERONE', 'INFORMATICA', '2015-05-29 06:01:35', '2015-05-29 06:01:35', 22),
(450, 0, 'MATTIA', 'MAURI', 'MRAMTT97R10E507X', '1997-10-10', 'LECCO', 'VIA CARAVAGGIO, 2', 'TACENO', 'INFORMATICA', '2015-05-29 06:01:35', '2015-05-29 06:01:35', 22),
(451, 0, 'LEONARDO', 'MOIANA', 'MNOLRD97R21C933F', '1997-10-21', 'COMO', 'VIA CARCANO, 12', 'ALBAVILLA', 'INFORMATICA', '2015-05-29 06:01:35', '2015-05-29 06:01:35', 22),
(452, 0, 'GIORGIO', 'PIAZZA', 'PZZGRG97P03E507N', '1997-09-03', 'LECCO', 'VIA POSTALE VECCHIA, 5', 'OLGINATE', 'INFORMATICA', '2015-05-29 06:01:36', '2015-05-29 06:01:36', 22),
(453, 0, 'NICOLO''', 'PIOVAN', 'PVNNCL97P13E507Q', '1997-09-13', 'LECCO', 'VIA S.ANTONIO 7', 'CALOLZIOCORTE', 'INFORMATICA', '2015-05-29 06:01:36', '2015-05-29 06:01:36', 22),
(454, 0, 'BENIAMINO', 'PISANIELLO', 'PSNBMN96A03F704J', '1996-01-03', 'MONZA', 'CESARE BATTISTI, 7/C', 'ERBA', 'INFORMATICA', '2015-05-29 06:01:36', '2015-05-29 06:01:36', 22),
(455, 0, 'ALESSANDRO', 'PRESTI', 'PRSLSN97E04E507S', '1997-05-04', 'LECCO', 'VIA ITALIA, 9', 'AIRUNO', 'INFORMATICA', '2015-05-29 06:01:36', '2015-05-29 06:01:36', 22),
(456, 0, 'ANDREA', 'RAVASIO', 'RVSNDR97A09E507G', '1997-01-09', 'LECCO', 'VIA GIACOMO PUCCINI,12', 'TORRE DE'' BUSI', 'INFORMATICA', '2015-05-29 06:01:36', '2015-05-29 06:01:36', 22),
(457, 0, 'JORDI', 'RUSCONI', 'RSCJRD96D07E507G', '1996-04-07', 'LECCO', 'VIA PRIV. SANTA MARIA, 1', 'LECCO', 'INFORMATICA', '2015-05-29 06:01:36', '2015-05-29 06:01:36', 22),
(458, 0, 'STEFANO', 'SALA', 'SLASFN96D05E507T', '1996-04-05', 'LECCO', 'VIA COLOMBARA, 2', 'MONTE MARENZO', 'INFORMATICA', '2015-05-29 06:01:36', '2015-05-29 06:01:36', 22),
(459, 0, 'LORENZO', 'TOSETTI', 'TSTLNZ97A29E507G', '1997-01-29', 'LECCO', 'VIA FIOCCHI 2', 'LECCO', 'INFORMATICA', '2015-05-29 06:01:36', '2015-05-29 06:01:36', 22),
(460, 0, 'FEDERICO', 'VERLINO', 'VRLFRC97B19E507A', '1997-02-19', 'LECCO', 'VIA S. CARLO BORROMEO 81', 'VALMADRERA', 'INFORMATICA', '2015-05-29 06:01:36', '2015-05-29 06:01:36', 22);

-- --------------------------------------------------------

--
-- Table structure for table `tutorScuola`
--

CREATE TABLE IF NOT EXISTS `tutorScuola` (
  `id` int(10) unsigned NOT NULL AUTO_INCREMENT,
  `nome` varchar(255) COLLATE utf8_unicode_ci NOT NULL,
  `cognome` varchar(255) COLLATE utf8_unicode_ci NOT NULL,
  `telefono` int(11) NOT NULL,
  `cellulare` int(11) NOT NULL,
  `email` varchar(255) COLLATE utf8_unicode_ci NOT NULL,
  `created_at` timestamp NOT NULL DEFAULT '0000-00-00 00:00:00',
  `updated_at` timestamp NOT NULL DEFAULT '0000-00-00 00:00:00',
  PRIMARY KEY (`id`)
) ENGINE=InnoDB  DEFAULT CHARSET=utf8 COLLATE=utf8_unicode_ci AUTO_INCREMENT=19 ;

--
-- Dumping data for table `tutorScuola`
--

INSERT INTO `tutorScuola` (`id`, `nome`, `cognome`, `telefono`, `cellulare`, `email`, `created_at`, `updated_at`) VALUES
(3, 'Valerio', 'Sala', 0, 0, '0', '0000-00-00 00:00:00', '0000-00-00 00:00:00'),
(4, 'Sara', 'Giorgi', 0, 0, '0', '0000-00-00 00:00:00', '0000-00-00 00:00:00'),
(7, 'Virginia', 'Bacchini', 0, 0, '0', '0000-00-00 00:00:00', '0000-00-00 00:00:00'),
(9, 'Silvia', 'Galasso', 0, 0, '0', '0000-00-00 00:00:00', '0000-00-00 00:00:00'),
(10, 'Matteo', 'Feliciello', 0, 0, '0', '0000-00-00 00:00:00', '0000-00-00 00:00:00'),
(11, 'Sergio', 'Chiavatti', 0, 0, '0', '0000-00-00 00:00:00', '0000-00-00 00:00:00'),
(12, 'Antonio', 'Muccino', 0, 0, '0', '0000-00-00 00:00:00', '0000-00-00 00:00:00'),
(13, 'Gianfranco', 'Redaelli', 0, 0, '0', '0000-00-00 00:00:00', '0000-00-00 00:00:00'),
(14, 'Francesco', 'Uricchio', 0, 0, '0', '0000-00-00 00:00:00', '0000-00-00 00:00:00'),
(15, 'Paolo', 'Achler', 0, 0, '0', '0000-00-00 00:00:00', '0000-00-00 00:00:00'),
(16, 'Vincenza', 'Apicella', 0, 0, '0', '0000-00-00 00:00:00', '0000-00-00 00:00:00'),
(17, 'Sara', 'Sacchi', 0, 0, '0', '0000-00-00 00:00:00', '0000-00-00 00:00:00'),
(18, 'Novella', 'Sestini', 0, 0, '0', '0000-00-00 00:00:00', '0000-00-00 00:00:00');

-- --------------------------------------------------------

--
-- Table structure for table `users`
--

CREATE TABLE IF NOT EXISTS `users` (
  `id` int(10) unsigned NOT NULL AUTO_INCREMENT,
  `username` varchar(255) COLLATE utf8_unicode_ci NOT NULL,
  `password` varchar(255) COLLATE utf8_unicode_ci NOT NULL,
  `remember_token` varchar(100) COLLATE utf8_unicode_ci DEFAULT NULL,
  `created_at` timestamp NOT NULL DEFAULT '0000-00-00 00:00:00',
  `updated_at` timestamp NOT NULL DEFAULT '0000-00-00 00:00:00',
  PRIMARY KEY (`id`)
) ENGINE=InnoDB  DEFAULT CHARSET=utf8 COLLATE=utf8_unicode_ci AUTO_INCREMENT=5 ;

--
-- Dumping data for table `users`
--

INSERT INTO `users` (`id`, `username`, `password`, `remember_token`, `created_at`, `updated_at`) VALUES
(2, 'username', 'password', NULL, '0000-00-00 00:00:00', '0000-00-00 00:00:00'),
(3, 'segreteria', '$2y$10$rWWY7wW8vC7OR6KaBTRQ6.beGoAIDPKV/bEQrJ.F6kRiDguroXXK.', 'XKNZf1Cdt38coK7XCJiTxmfjfdcR0IS8ktDssdLFbshg1gXxuLVpVpy9vixI', '2015-06-03 08:38:59', '2015-06-06 03:45:02'),
(4, 'amministrazione', '$2y$10$Hp5rK2x5VyI0RLRFZNR3U.jsmJM5EVkTJAM.vZw5GLmVk599Nd6yW', '1fbuALGWnbL52LsoFj08AgO8ADkGaH9IyaBAjL2webv6KOHS9Cj3ecr1Q2wO', '2015-06-03 08:38:59', '2015-06-06 03:43:34');

--
-- Constraints for dumped tables
--

--
-- Constraints for table `partecipazione_stage`
--
ALTER TABLE `partecipazione_stage`
  ADD CONSTRAINT `partecipazione_stage_stage_id_foreign` FOREIGN KEY (`stage_id`) REFERENCES `stage` (`id`),
  ADD CONSTRAINT `partecipazione_stage_studente_id_foreign` FOREIGN KEY (`studente_id`) REFERENCES `studenti` (`id`);

--
-- Constraints for table `periodi`
--
ALTER TABLE `periodi`
  ADD CONSTRAINT `periodi_partecipazione_stage_id_foreign` FOREIGN KEY (`partecipazione_stage_id`) REFERENCES `partecipazione_stage` (`id`);

--
-- Constraints for table `stage`
--
ALTER TABLE `stage`
  ADD CONSTRAINT `stage_azienda_id_foreign` FOREIGN KEY (`azienda_id`) REFERENCES `aziende` (`id`),
  ADD CONSTRAINT `stage_tutor_scuola_id_foreign` FOREIGN KEY (`tutor_scuola_id`) REFERENCES `tutorScuola` (`id`);

--
-- Constraints for table `studenti`
--
ALTER TABLE `studenti`
  ADD CONSTRAINT `studenti_classe_id_foreign` FOREIGN KEY (`classe_id`) REFERENCES `classi` (`id`);

/*!40101 SET CHARACTER_SET_CLIENT=@OLD_CHARACTER_SET_CLIENT */;
/*!40101 SET CHARACTER_SET_RESULTS=@OLD_CHARACTER_SET_RESULTS */;
/*!40101 SET COLLATION_CONNECTION=@OLD_COLLATION_CONNECTION */;
