-- phpMyAdmin SQL Dump
-- version 4.0.10deb1
-- http://www.phpmyadmin.net
--
-- Host: localhost
-- Generato il: Mag 21, 2015 alle 09:31
-- Versione del server: 5.5.41-0ubuntu0.14.04.1
-- Versione PHP: 5.5.9-1ubuntu4.6

SET SQL_MODE = "NO_AUTO_VALUE_ON_ZERO";
SET time_zone = "+00:00";


/*!40101 SET @OLD_CHARACTER_SET_CLIENT=@@CHARACTER_SET_CLIENT */;
/*!40101 SET @OLD_CHARACTER_SET_RESULTS=@@CHARACTER_SET_RESULTS */;
/*!40101 SET @OLD_COLLATION_CONNECTION=@@COLLATION_CONNECTION */;
/*!40101 SET NAMES utf8 */;

--
-- Database: `db_stage`
--

-- --------------------------------------------------------

--
-- Struttura della tabella `aziende`
--

CREATE TABLE IF NOT EXISTS `aziende` (
  `id` int(10) unsigned NOT NULL AUTO_INCREMENT,
  `pIva` varchar(255) COLLATE utf8_unicode_ci NOT NULL,
  `CFA` varchar(255) COLLATE utf8_unicode_ci DEFAULT NULL,
  `denominazione` varchar(255) COLLATE utf8_unicode_ci DEFAULT NULL,
  `associazione` varchar(255) COLLATE utf8_unicode_ci DEFAULT NULL,
  `settore` varchar(255) COLLATE utf8_unicode_ci DEFAULT NULL,
  `sedeLegale` varchar(255) COLLATE utf8_unicode_ci DEFAULT NULL,
  `citta` varchar(255) COLLATE utf8_unicode_ci DEFAULT NULL,
  `cap` varchar(255) COLLATE utf8_unicode_ci DEFAULT NULL,
  `telefono` varchar(255) COLLATE utf8_unicode_ci DEFAULT NULL,
  `email` varchar(255) COLLATE utf8_unicode_ci DEFAULT NULL,
  `indirizzoSedeTirocinio` varchar(255) COLLATE utf8_unicode_ci DEFAULT NULL,
  `capSedeTirocinio` varchar(255) COLLATE utf8_unicode_ci DEFAULT NULL,
  `cittaSedeTirocinio` varchar(255) COLLATE utf8_unicode_ci DEFAULT NULL,
  `nomeRappresLegale` varchar(255) COLLATE utf8_unicode_ci DEFAULT NULL,
  `cognomeRappresLegale` varchar(255) COLLATE utf8_unicode_ci DEFAULT NULL,
  `CFRappresLegale` varchar(255) COLLATE utf8_unicode_ci DEFAULT NULL,
  `comuneNascitaRappresLegale` varchar(255) COLLATE utf8_unicode_ci DEFAULT NULL,
  `dataNascitaRappresLegale` varchar(255) COLLATE utf8_unicode_ci DEFAULT NULL,
  `nomeTutorAziend` varchar(255) COLLATE utf8_unicode_ci DEFAULT NULL,
  `cognomeTutorAziend` varchar(255) COLLATE utf8_unicode_ci DEFAULT NULL,
  `note` varchar(255) COLLATE utf8_unicode_ci DEFAULT NULL,
  `created_at` timestamp NOT NULL DEFAULT '0000-00-00 00:00:00',
  `updated_at` timestamp NOT NULL DEFAULT '0000-00-00 00:00:00',
  PRIMARY KEY (`id`)
) ENGINE=InnoDB  DEFAULT CHARSET=utf8 COLLATE=utf8_unicode_ci AUTO_INCREMENT=20 ;

--
-- Dump dei dati per la tabella `aziende`
--

INSERT INTO `aziende` (`id`, `pIva`, `CFA`, `denominazione`, `associazione`, `settore`, `sedeLegale`, `citta`, `cap`, `telefono`, `email`, `indirizzoSedeTirocinio`, `capSedeTirocinio`, `cittaSedeTirocinio`, `nomeRappresLegale`, `cognomeRappresLegale`, `CFRappresLegale`, `comuneNascitaRappresLegale`, `dataNascitaRappresLegale`, `nomeTutorAziend`, `cognomeTutorAziend`, `note`, `created_at`, `updated_at`) VALUES
(1, '00307430132', NULL, 'ASSOCIAZIONE LA NOSTRA FAMIGLIA', 'ARIS SANITA''', 'SOCIO SANITARIA', 'VIA DON LUIGI MONZA  1', 'PONTE LAMBRO', '22037', '031877111', NULL, 'VIA DON LUIGI MONZA 20', NULL, 'BOSISIO PARINI', 'CARLA', 'ANDREOTTI', 'NDRCRL45559E507I', 'LECCO', '19/11/1945', 'UMBERTO', 'POZZOLI', NULL, '2015-05-20 06:48:41', '2015-05-20 06:48:41'),
(2, '01342660139', NULL, 'PARROCCHIA SANTA COSMA E DAMIANO', NULL, NULL, 'VIA SAN FRANCESCO 24', 'AIRUNO', '23881', '0399943159', NULL, 'VIA POSTALE VECCHIA', NULL, 'AIRUNO', 'DON ANTONIO', 'COGLIATI', 'CGLNTN40P16A686R', 'BARZANO''', '16/09/1940', 'DAMIANO', 'MEREGALLI', NULL, '2015-05-20 06:48:41', '2015-05-20 06:48:41'),
(3, '00121235013', NULL, 'REDAELLI RICAMBI SRL', 'API - LECCO', 'METALMECCANICO', 'VIA PROVINCIALE PER DOLZAGO 59', 'OGGIONO', '23848', '0341266911', NULL, NULL, NULL, NULL, 'PIETRO', 'REDAELLI', 'RDLPTR40D19GOO9X', 'OGGIONO', '19/04/1940', 'RUGGERO', 'REDAELLI', NULL, '2015-05-20 06:48:41', '2015-05-20 06:48:41'),
(4, '00664380136', NULL, 'ITA SPA', 'API', 'TRAFILATI ACCIAI', 'PIAZZA MAZZINI 13', 'LECCO', '23900', '0341634742', NULL, 'VIA LAGO VECCHIO 9/20', NULL, 'CALOLZIOCORTE', 'ANDREA', 'BERI', 'BRENDR75RI8E507R', 'LECCO', '18/10/1975', 'ANDREA', 'BERI', NULL, '2015-05-20 06:48:41', '2015-05-20 06:48:41'),
(5, '03131730131', NULL, 'STUDIO LEGALE AVV. GIUSEPPE RUSCONI & PATNERS', NULL, 'TERZIARIO STUDIO LEGALE', 'VIA BALICCO 61', 'LECCO', '23900', '0341284259', NULL, NULL, NULL, NULL, 'GIUSEPPE', 'RUSCONI', 'RSCGPP59P15L634C', 'VALMADRERA', '15/09/1959', 'GIUSEPPE', 'RUSCONI', NULL, '2015-05-20 06:48:41', '2015-05-20 06:48:41'),
(6, '02444660134', NULL, 'DOTT. FILIPPO RADAELLI', NULL, 'STUDI PROFESSIONALI - COMMERCIALISTA', 'VIA KENNEDY 4', 'OGGIONO', '23848', '0341263104', NULL, 'VIA BACHELET 13', NULL, 'OGGIONO', 'FILIPPO', 'RADAELLI', 'RDLFPP71B14E507W', 'LECCO', '14/02/1971', 'FILIPPO', 'RADAELLI', NULL, '2015-05-20 06:48:41', '2015-05-20 06:48:41'),
(7, '02933230165', NULL, 'NAV SYSTEM SRL', NULL, 'RIPARAZ MACCHINE PER UFFICIO INFO', 'VIA COMO 3', 'LONGONE AL SEGRINO', '22030', '0313355418', NULL, 'VIA PLINIO 12/14', NULL, 'ERBA', 'ANGELO', 'NAVONI', 'NVNNGL60M08F205T', 'MILANO', '08/08/1960', 'MIRCO', 'CALDERA', NULL, '2015-05-20 06:48:41', '2015-05-20 06:48:41'),
(8, '02220860130', NULL, 'EASYNET', 'CONFINDUSTRIA', 'INFORMATICA', 'CORSO PROMESSI SPOSI 25D', 'LECCO', '23900', '0341256911', NULL, NULL, NULL, NULL, 'GIORGIO', 'MISSAGLIA', 'MSSGRG58D105507C', 'LECCO', '10/04/1958', 'GIORGIO', 'MISSAGLIA', NULL, '2015-05-20 06:48:41', '2015-05-20 06:48:41'),
(9, '00201760139', NULL, 'LIMONTA SPA', NULL, 'TESSILE - CARTOTECNICO - GOMMA', NULL, NULL, NULL, '03185', NULL, 'VIA C. BATTISTI', NULL, 'COSTA MASNAGA', NULL, NULL, NULL, NULL, NULL, NULL, NULL, NULL, '2015-05-20 06:48:41', '2015-05-20 06:48:41'),
(10, '02085500136', NULL, 'MDG s.n.c.DI GADDI P. e C.', 'CONFINDUSTRIA', 'METALMECCANICO', 'VIA CISERINO 4/E', 'LIERNA', '23827', '0341710256', 'info@mdgitalia.eu', 'VIA CISERINO 4/E', '23827', 'LIERNA', 'PATRIZIO', 'GADDI', 'GDDPRZ65C28A745X', 'BELLANO', '28/03/1965', 'PATRIZIO', 'GADDI', NULL, '2015-05-20 06:48:41', '2015-05-20 06:48:41'),
(11, '03461320131', NULL, 'OFFICINA MECCANICA BM DI BARAGETTI MAURIZIO WALTER', NULL, 'METALMECCANICO', 'VIA PRIVATA MAGNI 1', 'OSNAGO', '23875', '03958076', 'gbaragetti@virgilio.it', 'VIA PRIVATA MAGNI 1', '23875', 'OSNAGO', 'MAURIZIO WALTER', 'BARAGETTI', 'BRGMZW54P28F704F', 'MONZA', '28/09/1954', 'GIOVANNI', 'BARAGETTI', NULL, '2015-05-20 06:48:41', '2015-05-20 06:48:41'),
(12, '00814480133', NULL, 'DEFREMM s.p.a.', 'CONFINDUSTRIA', 'METALMECCANICO', 'VIA BOITO 6', 'LECCO', '23900', '0341251410', 'm.motisi@defremm.it', 'VIA BOITO 6', '23900', 'LECCO', 'ROSA', 'MOLINARI', 'MLNRSO73H64E507W', 'LECCO', '24/06/1973', 'MASSIMO', 'MOTISI', NULL, '2015-05-20 06:48:41', '2015-05-20 06:48:41'),
(13, '00810220137', NULL, 'FIOCCHI MUNIZIONI s.p.a.', 'CONFINDUSTRIA LECCO', 'PRODUZIONE MUNIZIONI CACCIA, TIRO E DIFESA', 'VIA SANTA BARBARA 4', 'LECCO', '23900', '0341473258', 'g.galluccio@fiocchigfl.it', 'VIA SANTA BARBARA 4', '23900', 'LECCO', 'STEFANO', 'FIOCCHI', 'FCCSFN63D24E507E', 'LECCO', '24/04/1963', 'SERGIO', 'SCOTTONI', NULL, '2015-05-20 06:48:41', '2015-05-20 06:48:41'),
(14, '03329960136', NULL, 'SVE.ZIA srl', 'UPAL', 'METALMECCANICO ARTIGIANO', 'VI.LE V.VENETO 4', 'ELLO', '23848', '0341577625', 'info@sve-zia.com', 'VI.LE V.VENETO 4', '23848', 'ELLO', 'MARZIA', 'PANZERI', 'PNZMRZ76P68E507N', 'LECCO', '23/09/1976', 'DANIELE', 'CIVILLINI', NULL, '2015-05-20 06:48:41', '2015-05-20 06:48:41'),
(15, '00912620135', NULL, 'SILEA s.p.a', 'CONFINDUSTRIA LECCO', 'SMALTIMENTO RIFIUTI', 'VIA L.VASSENA 6', 'VALMADRERA', '23868', '0341204441', 'giordano.panzeri@sileaspa.it', 'VIA L.VASSENA 6', '23868', 'VALMADRERA', 'MAURO', 'COLOMBO', 'CLMMRA56E09A794I', 'BERGAMO', '09/05/1956', 'GIANCARLO', 'OFFREDI', NULL, '2015-05-20 06:48:41', '2015-05-20 06:48:41'),
(16, '02540220130', '', 'CAVERIO ANGELO s.n.c.', 'UPAL', 'METALMECCANICO', 'VIA PROVINCIALE 45', 'CORTENOVA', '23813', '0341901091', 'elena@caverio-angelo.it', 'VIA PROVINCIALE 45', '23813', 'CORTENOVA', 'ELENA', 'CAVERIO', 'CVRLNE75R65E507W', 'LECCO', '25/10/75', 'CHRISTIAN', 'CAVERIO', NULL, '2015-05-21 04:40:35', '2015-05-21 04:40:35'),
(17, '02028650139', '', 'RENATO FUMAGALLI X G. s.r.l.', '', 'METALMECCANICO', 'VIA G. DI VITTORIO 4', 'SIRONE', '23844', '031851408', 'amministrazione@renatofumagalli.it', 'VIA G. DI VITTORIO 2-4-6', '23844', 'SIRONE', 'EVELINA', 'FUMAGALLI', 'FMGVLN77R66G009D', 'OGGIONO', '26/10/1977', 'EVELINA', 'FUMAGALLI', NULL, '2015-05-21 04:43:25', '2015-05-21 04:43:25'),
(18, '02882470137', '', 'MOLLIFICIO FEDE S.R.L.', 'CONFINDUSTRIA', 'INDUSTRIA - MINUTERIE METALLICHE', 'VIA DELL''ARTIGIANATO 6', 'TACENO', '23837', '0341880347', 'michele.benedetti@mollificiofede.it', 'VIA DELL''ARTIGIANATO 6', '23837', 'TACENO', 'PAOLO', 'DELL''ORO', 'DLLPLA61A27B639N', 'CANTU''', '27/01/1961', 'MICHELE', 'BENEDETTI', NULL, '2015-05-21 04:44:03', '2015-05-21 04:45:15'),
(19, '00777900135', '', 'O.M.C.B. - F.LLI COMBI s.n.c.', '', 'METALMECCANICO', 'VIA A. MORO 6', 'BALLABIO', '23811', '0341530551', 'info@omcbcombi.it', 'VIA A. MORO 6', '23811', 'BALLABIO', 'MICHELE', 'COMBI', 'CMBMHL57B28E507C', 'LECCO', '28/02/1957', 'ILARIO', 'BARUFFALDI', NULL, '2015-05-21 04:47:02', '2015-05-21 04:47:02');

-- --------------------------------------------------------

--
-- Struttura della tabella `classi`
--

CREATE TABLE IF NOT EXISTS `classi` (
  `id` int(10) unsigned NOT NULL AUTO_INCREMENT,
  `classe` varchar(255) COLLATE utf8_unicode_ci NOT NULL,
  `articolazione` varchar(255) COLLATE utf8_unicode_ci NOT NULL,
  `sezione` varchar(255) COLLATE utf8_unicode_ci NOT NULL,
  `created_at` timestamp NOT NULL DEFAULT '0000-00-00 00:00:00',
  `updated_at` timestamp NOT NULL DEFAULT '0000-00-00 00:00:00',
  PRIMARY KEY (`id`)
) ENGINE=InnoDB  DEFAULT CHARSET=utf8 COLLATE=utf8_unicode_ci AUTO_INCREMENT=19 ;

--
-- Dump dei dati per la tabella `classi`
--

INSERT INTO `classi` (`id`, `classe`, `articolazione`, `sezione`, `created_at`, `updated_at`) VALUES
(1, '4', 'Informatica', 'B', '2015-05-20 06:47:21', '2015-05-20 06:47:21'),
(3, '4', 'Automazione', 'A', '2015-05-21 04:10:36', '2015-05-21 04:10:36'),
(4, '4', 'Liceo Scientifico', 'A', '2015-05-21 04:10:49', '2015-05-21 04:10:49'),
(5, '4', 'Meccanica', 'A', '2015-05-21 04:11:00', '2015-05-21 04:11:00'),
(7, '4', 'Elettronica', 'B', '2015-05-21 04:12:02', '2015-05-21 04:12:02'),
(8, '4', 'Meccatronica ed Energia', 'B', '2015-05-21 04:12:45', '2015-05-21 04:12:45'),
(9, '4', 'Meccanica', 'C', '2015-05-21 04:13:08', '2015-05-21 04:13:08'),
(10, '3', 'Automazione', 'A', '2015-05-21 04:13:30', '2015-05-21 04:13:30'),
(11, '3', 'Liceo Scientifico', 'A', '2015-05-21 04:13:44', '2015-05-21 04:13:44'),
(12, '3', 'Meccanica', 'A', '2015-05-21 04:13:52', '2015-05-21 04:13:52'),
(13, '3', 'Elettronica', 'B', '2015-05-21 04:14:06', '2015-05-21 04:14:06'),
(14, '3', 'Informatica', 'B', '2015-05-21 04:14:47', '2015-05-21 04:14:47'),
(15, '3', 'Liceo Scientifico', 'B', '2015-05-21 04:14:56', '2015-05-21 04:14:56'),
(16, '3', 'Meccanica', 'B', '2015-05-21 04:15:14', '2015-05-21 04:15:14'),
(17, '3', 'Meccanica', 'C', '2015-05-21 04:15:24', '2015-05-21 04:15:24'),
(18, '3', 'Telecomunicazioni', 'C', '2015-05-21 04:16:00', '2015-05-21 04:16:00');

-- --------------------------------------------------------

--
-- Struttura della tabella `config`
--

CREATE TABLE IF NOT EXISTS `config` (
  `id` int(10) unsigned NOT NULL AUTO_INCREMENT,
  `chiave` varchar(255) COLLATE utf8_unicode_ci NOT NULL,
  `valore` varchar(255) COLLATE utf8_unicode_ci NOT NULL,
  `created_at` timestamp NOT NULL DEFAULT '0000-00-00 00:00:00',
  `updated_at` timestamp NOT NULL DEFAULT '0000-00-00 00:00:00',
  PRIMARY KEY (`id`)
) ENGINE=InnoDB  DEFAULT CHARSET=utf8 COLLATE=utf8_unicode_ci AUTO_INCREMENT=7 ;

--
-- Dump dei dati per la tabella `config`
--

INSERT INTO `config` (`id`, `chiave`, `valore`, `created_at`, `updated_at`) VALUES
(1, 'dataInizio1', '2015-06-15', '2015-05-20 06:46:55', '2015-05-20 06:46:55'),
(2, 'dataFine1', '2015-07-15', '2015-05-20 06:46:55', '2015-05-20 06:46:55'),
(3, 'dataInizio2', '2015-09-15', '2015-05-20 06:46:55', '2015-05-20 06:46:55'),
(4, 'dataFine2', '2015-10-15', '2015-05-20 06:46:55', '2015-05-20 06:46:55'),
(5, 'dataInizio3', '2016-04-15', '2015-05-20 06:46:55', '2015-05-20 06:46:55'),
(6, 'dataFine3', '2016-05-15', '2015-05-20 06:46:55', '2015-05-20 06:46:55');

-- --------------------------------------------------------

--
-- Struttura della tabella `migrations`
--

CREATE TABLE IF NOT EXISTS `migrations` (
  `migration` varchar(255) COLLATE utf8_unicode_ci NOT NULL,
  `batch` int(11) NOT NULL
) ENGINE=InnoDB DEFAULT CHARSET=utf8 COLLATE=utf8_unicode_ci;

--
-- Dump dei dati per la tabella `migrations`
--

INSERT INTO `migrations` (`migration`, `batch`) VALUES
('2015_04_24_133139_create_table_aziende', 1),
('2015_04_24_133150_create_table_studenti', 1),
('2015_04_24_133156_create_table_stage', 1),
('2015_04_24_133202_create_table_partecipazioneStage', 1),
('2015_04_24_133229_create_table_tutorScuola', 1),
('2015_04_24_133251_aggiunta_colonna_stage', 1),
('2015_04_24_133258_create_table_classi', 1),
('2015_04_24_133313_aggiunta_colonna_studente', 1),
('2015_05_07_062331_create_table_periodi', 1),
('2015_05_07_062830_create_table_config', 1);

-- --------------------------------------------------------

--
-- Struttura della tabella `partecipazione_stage`
--

CREATE TABLE IF NOT EXISTS `partecipazione_stage` (
  `id` int(10) unsigned NOT NULL AUTO_INCREMENT,
  `studente_id` int(10) unsigned NOT NULL,
  `stage_id` int(10) unsigned NOT NULL,
  `created_at` timestamp NOT NULL DEFAULT '0000-00-00 00:00:00',
  `updated_at` timestamp NOT NULL DEFAULT '0000-00-00 00:00:00',
  PRIMARY KEY (`id`),
  KEY `partecipazione_stage_studente_id_foreign` (`studente_id`),
  KEY `partecipazione_stage_stage_id_foreign` (`stage_id`)
) ENGINE=InnoDB  DEFAULT CHARSET=utf8 COLLATE=utf8_unicode_ci AUTO_INCREMENT=14 ;

--
-- Dump dei dati per la tabella `partecipazione_stage`
--

INSERT INTO `partecipazione_stage` (`id`, `studente_id`, `stage_id`, `created_at`, `updated_at`) VALUES
(4, 123, 2, '2015-05-21 04:52:38', '2015-05-21 04:52:38'),
(5, 127, 3, '2015-05-21 05:00:18', '2015-05-21 05:00:18'),
(6, 128, 4, '2015-05-21 05:05:13', '2015-05-21 05:05:13'),
(7, 133, 5, '2015-05-21 05:06:35', '2015-05-21 05:06:35'),
(8, 134, 6, '2015-05-21 05:08:44', '2015-05-21 05:08:44'),
(9, 136, 7, '2015-05-21 05:11:13', '2015-05-21 05:11:13'),
(10, 89, 8, '2015-05-21 05:17:01', '2015-05-21 05:17:01'),
(11, 100, 9, '2015-05-21 05:24:04', '2015-05-21 05:24:04'),
(12, 140, 10, '2015-05-21 05:25:42', '2015-05-21 05:25:42'),
(13, 146, 11, '2015-05-21 05:28:03', '2015-05-21 05:28:03');

-- --------------------------------------------------------

--
-- Struttura della tabella `periodi`
--

CREATE TABLE IF NOT EXISTS `periodi` (
  `id` int(10) unsigned NOT NULL AUTO_INCREMENT,
  `dataInizio` date NOT NULL,
  `dataFine` date NOT NULL,
  `partecipazione_stage_id` int(10) unsigned NOT NULL,
  `created_at` timestamp NOT NULL DEFAULT '0000-00-00 00:00:00',
  `updated_at` timestamp NOT NULL DEFAULT '0000-00-00 00:00:00',
  PRIMARY KEY (`id`),
  KEY `periodi_partecipazione_stage_id_foreign` (`partecipazione_stage_id`)
) ENGINE=InnoDB  DEFAULT CHARSET=utf8 COLLATE=utf8_unicode_ci AUTO_INCREMENT=18 ;

--
-- Dump dei dati per la tabella `periodi`
--

INSERT INTO `periodi` (`id`, `dataInizio`, `dataFine`, `partecipazione_stage_id`, `created_at`, `updated_at`) VALUES
(5, '2015-06-01', '2015-06-13', 4, '2015-05-21 04:52:38', '2015-05-21 04:52:38'),
(6, '2015-09-07', '2015-10-03', 4, '2015-05-21 04:52:38', '2015-05-21 04:52:38'),
(7, '2015-06-01', '2015-06-13', 5, '2015-05-21 05:00:18', '2015-05-21 05:00:18'),
(8, '2015-06-01', '2015-06-13', 6, '2015-05-21 05:05:13', '2015-05-21 05:05:13'),
(9, '2015-06-01', '2015-06-13', 7, '2015-05-21 05:06:35', '2015-05-21 05:06:35'),
(10, '2015-06-01', '2015-07-31', 8, '2015-05-21 05:08:44', '2015-05-21 05:08:44'),
(11, '2015-06-01', '2015-06-13', 9, '2015-05-21 05:11:13', '2015-05-21 05:11:13'),
(12, '2015-06-01', '2015-06-13', 10, '2015-05-21 05:17:01', '2015-05-21 05:17:01'),
(13, '2015-09-07', '2015-10-03', 10, '2015-05-21 05:17:01', '2015-05-21 05:17:01'),
(14, '2015-06-01', '2015-06-13', 11, '2015-05-21 05:24:04', '2015-05-21 05:24:04'),
(15, '2015-09-07', '2015-10-03', 11, '2015-05-21 05:24:04', '2015-05-21 05:24:04'),
(16, '2015-06-01', '2015-06-13', 12, '2015-05-21 05:25:42', '2015-05-21 05:25:42'),
(17, '2015-06-01', '2015-06-13', 13, '2015-05-21 05:28:03', '2015-05-21 05:28:03');

-- --------------------------------------------------------

--
-- Struttura della tabella `stage`
--

CREATE TABLE IF NOT EXISTS `stage` (
  `id` int(10) unsigned NOT NULL AUTO_INCREMENT,
  `descrizione` varchar(255) COLLATE utf8_unicode_ci NOT NULL,
  `tipo` varchar(255) COLLATE utf8_unicode_ci NOT NULL,
  `archiviato` tinyint(1) NOT NULL,
  `created_at` timestamp NOT NULL DEFAULT '0000-00-00 00:00:00',
  `updated_at` timestamp NOT NULL DEFAULT '0000-00-00 00:00:00',
  `azienda_id` int(10) unsigned NOT NULL,
  `tutor_scuola_id` int(10) unsigned NOT NULL,
  PRIMARY KEY (`id`),
  KEY `stage_azienda_id_foreign` (`azienda_id`),
  KEY `stage_tutor_scuola_id_foreign` (`tutor_scuola_id`)
) ENGINE=InnoDB  DEFAULT CHARSET=utf8 COLLATE=utf8_unicode_ci AUTO_INCREMENT=12 ;

--
-- Dump dei dati per la tabella `stage`
--

INSERT INTO `stage` (`id`, `descrizione`, `tipo`, `archiviato`, `created_at`, `updated_at`, `azienda_id`, `tutor_scuola_id`) VALUES
(2, 'Generato', 'Alternanza Scuola-Lavoro', 0, '2015-05-21 04:52:38', '2015-05-21 04:52:38', 13, 11),
(3, 'Generato', 'Alternanza Scuola-Lavoro', 0, '2015-05-21 05:00:18', '2015-05-21 05:00:18', 14, 10),
(4, 'Generato', 'Alternanza Scuola-Lavoro', 0, '2015-05-21 05:05:13', '2015-05-21 05:05:13', 10, 11),
(5, 'Generato', 'Alternanza Scuola-Lavoro', 0, '2015-05-21 05:06:35', '2015-05-21 05:06:35', 15, 11),
(6, 'Generato', 'Alternanza Scuola-Lavoro', 0, '2015-05-21 05:08:44', '2015-05-21 05:08:44', 12, 11),
(7, 'Generato', 'Alternanza Scuola-Lavoro', 0, '2015-05-21 05:11:13', '2015-05-21 05:11:13', 11, 10),
(8, 'Generato', 'Alternanza Scuola-Lavoro', 0, '2015-05-21 05:17:01', '2015-05-21 05:17:01', 16, 11),
(9, 'Generato', 'Alternanza Scuola-Lavoro', 0, '2015-05-21 05:24:04', '2015-05-21 05:24:04', 17, 10),
(10, 'Generato', 'Alternanza Scuola-Lavoro', 0, '2015-05-21 05:25:42', '2015-05-21 05:25:42', 18, 11),
(11, 'Generato', 'Alternanza Scuola-Lavoro', 0, '2015-05-21 05:28:03', '2015-05-21 05:28:03', 19, 10);

-- --------------------------------------------------------

--
-- Struttura della tabella `studenti`
--

CREATE TABLE IF NOT EXISTS `studenti` (
  `id` int(10) unsigned NOT NULL AUTO_INCREMENT,
  `matricola` int(11) NOT NULL,
  `nome` varchar(255) COLLATE utf8_unicode_ci NOT NULL,
  `cognome` varchar(255) COLLATE utf8_unicode_ci NOT NULL,
  `CF` varchar(255) COLLATE utf8_unicode_ci NOT NULL,
  `dataNascita` date NOT NULL,
  `comuneNascita` varchar(255) COLLATE utf8_unicode_ci NOT NULL,
  `indirizzo` varchar(255) COLLATE utf8_unicode_ci NOT NULL,
  `comuneResidenza` varchar(255) COLLATE utf8_unicode_ci NOT NULL,
  `articolazione` varchar(255) COLLATE utf8_unicode_ci NOT NULL,
  `created_at` timestamp NOT NULL DEFAULT '0000-00-00 00:00:00',
  `updated_at` timestamp NOT NULL DEFAULT '0000-00-00 00:00:00',
  `classe_id` int(10) unsigned NOT NULL,
  PRIMARY KEY (`id`),
  KEY `studenti_classe_id_foreign` (`classe_id`)
) ENGINE=InnoDB  DEFAULT CHARSET=utf8 COLLATE=utf8_unicode_ci AUTO_INCREMENT=370 ;

--
-- Dump dei dati per la tabella `studenti`
--

INSERT INTO `studenti` (`id`, `matricola`, `nome`, `cognome`, `CF`, `dataNascita`, `comuneNascita`, `indirizzo`, `comuneResidenza`, `articolazione`, `created_at`, `updated_at`, `classe_id`) VALUES
(1, 0, 'SIMONE', 'BARI', 'BRASMN97T28E507I', '1997-12-28', 'LECCO', 'VIA S. MARIA, 44/A', 'OLGINATE', 'INFORMATICA', '2015-05-20 06:47:21', '2015-05-20 06:47:21', 1),
(2, 0, 'ALESSANDRO', 'BARILI', 'BRLLSN97A05E507D', '1997-01-05', 'LECCO', 'VIA BOLDONI, 1/L', 'BELLANO', 'INFORMATICA', '2015-05-20 06:47:21', '2015-05-20 06:47:21', 1),
(3, 0, 'GIUSEPPE', 'BARLETTA', 'BRLGPP97C24E063D', '1997-03-24', 'GIUSSANO', 'VICOLO DELLA ROSA 2/A', 'VEDUGGIO CON COLZANO', 'INFORMATICA', '2015-05-20 06:47:21', '2015-05-20 06:47:21', 1),
(4, 0, 'MATTIA', 'BERNASCONI', 'BRNMTT97P11E507S', '1997-09-11', 'LECCO', 'VIA BELFIORE 74', 'LECCO', 'INFORMATICA', '2015-05-20 06:47:21', '2015-05-20 06:47:21', 1),
(5, 0, 'LUCA', 'BERTARINI', 'BRTLCU97B16E507P', '1997-02-16', 'LECCO', 'VIA ALLA VOLTA, 22/b', 'LIERNA', 'INFORMATICA', '2015-05-20 06:47:21', '2015-05-20 06:47:21', 1),
(6, 0, 'ALESSANDRO', 'BIANCHI', 'BNCLSN96D04E507B', '1996-04-04', 'LECCO', 'VIA RISORGIMENTO N. 18/A', 'ABBADIA LARIANA', 'INFORMATICA', '2015-05-20 06:47:21', '2015-05-20 06:47:21', 1),
(7, 0, 'LUCA', 'BONACINA', 'BNCLCU97P26E507G', '1997-09-26', 'LECCO', 'VIA DONIZETTI20', 'MONTE MARENZO', 'INFORMATICA', '2015-05-20 06:47:21', '2015-05-20 06:47:21', 1),
(8, 0, 'NICOLA', 'CASTELLETTI', 'CSTNCL97B18E507S', '1997-02-18', 'LECCO', 'VIA CANTARELLI 10', 'LECCO', 'INFORMATICA', '2015-05-20 06:47:21', '2015-05-20 06:47:21', 1),
(9, 0, 'GABRIELE', 'DE MATTIA', 'DMTGRL96E13E507G', '1996-05-13', 'LECCO', 'VIA BUON CONSIGLIO, 57', 'VALMADRERA', 'INFORMATICA', '2015-05-20 06:47:21', '2015-05-20 06:47:21', 1),
(10, 0, 'JUAN DAVID', 'FORERO BETANCOURT', 'FRRJDV97E27Z604Y', '1997-05-27', 'COLOMBIA', 'VIA XXV APRILE,17', 'OLGINATE', 'INFORMATICA', '2015-05-20 06:47:21', '2015-05-20 06:47:21', 1),
(11, 0, 'SIMONE', 'LA GATTA', 'LGTSMN97A19E507C', '1997-01-19', 'LECCO', 'VIA ALL''ASILO 17', 'ABBADIA LARIANA', 'INFORMATICA', '2015-05-20 06:47:21', '2015-05-20 06:47:21', 1),
(12, 0, 'MARCO', 'LANFRANCHI', 'LNFMRC97D15E507F', '1997-04-15', 'LECCO', 'VIA CROLLALANZA, 5', 'LECCO', 'INFORMATICA', '2015-05-20 06:47:21', '2015-05-20 06:47:21', 1),
(13, 0, 'VALERIO', 'LOCATELLI', 'LCTVLR96L14E507H', '1996-07-14', 'LECCO', 'VIA CASTAGNETI, 3/G', 'PASTURO', 'INFORMATICA', '2015-05-20 06:47:21', '2015-05-20 06:47:21', 1),
(14, 0, 'BRUNO', 'PASHAJ', 'PSHBRN96P19Z100I', '1996-09-19', 'VALONA', 'VIA BESONDA SUP. N.5', 'LECCO', 'INFORMATICA', '2015-05-20 06:47:21', '2015-05-20 06:47:21', 1),
(15, 0, 'TOMMASO', 'PETRIGNO', 'PTRTMS97H10E507K', '1997-06-10', 'LECCO', 'VIA  S.ALESSANDRO, 20', 'MONTE MARENZO', 'INFORMATICA', '2015-05-20 06:47:21', '2015-05-20 06:47:21', 1),
(16, 0, 'IACOPO', 'SPREAFICO', 'SPRCPI97C21E507N', '1997-03-21', 'LECCO', 'VICOLO SAN GIOVANNI 4', 'AIRUNO', 'INFORMATICA', '2015-05-20 06:47:21', '2015-05-20 06:47:21', 1),
(17, 0, 'ANDREA', 'TABBI', 'TBBNDR96C14E573V', '1996-03-14', 'LICATA', 'VIA ROMA,15', 'VERCURAGO', 'INFORMATICA', '2015-05-20 06:47:21', '2015-05-20 06:47:21', 1),
(18, 0, 'MOEID', 'TAVAKOLI', 'TVKMDO96B02Z224N', '1996-02-02', 'ESFAHAN', 'VIA PETRARCA, 6', 'LECCO', 'INFORMATICA', '2015-05-20 06:47:21', '2015-05-20 06:47:21', 1),
(19, 0, 'RICCARDO', 'TESTA', 'TSTRCR98B02E507X', '1998-02-02', 'LECCO', 'VIA BERTOLA 9/B', 'MANDELLO DEL LARIO', 'INFORMATICA', '2015-05-20 06:47:21', '2015-05-20 06:47:21', 1),
(20, 0, 'CLAUDIO', 'TOCCHETTI', 'TCCCLD97S28E507V', '1997-11-28', 'LECCO', 'VIA AZZONE VISCONTI, 70', 'LECCO', 'INFORMATICA', '2015-05-20 06:47:21', '2015-05-20 06:47:21', 1),
(21, 0, 'LEONARDO', 'TOTARO', 'TTRLRD97M29D643F', '1997-08-29', 'FOGGIA', 'V. IV NOVEMBRE 10', 'VERCURAGO', 'INFORMATICA', '2015-05-20 06:47:21', '2015-05-20 06:47:21', 1),
(22, 0, 'GIANLUCA', 'VAGO', 'VGAGLC96R12E507A', '1996-10-12', 'LECCO', 'VIA BELFIORE 15', 'LECCO', 'INFORMATICA', '2015-05-20 06:47:21', '2015-05-20 06:47:21', 1),
(23, 0, 'MATTIA', 'VITALE', 'VTLMTT97P28E507I', '1997-09-28', 'LECCO', 'VIA ARTIGIANI, 10/A', 'OLGINATE', 'INFORMATICA', '2015-05-20 06:47:21', '2015-05-20 06:47:21', 1),
(49, 0, 'ROBERTO', 'ARNOLDI', 'RNLRRT97E07E507B', '1997-05-07', 'LECCO', 'VIA XX SETTEMBRE, 11', 'DERVIO', 'AUTOMAZIONE', '2015-05-21 04:10:36', '2015-05-21 04:10:36', 3),
(50, 0, 'CRISTIAN', 'BINDA', 'BNDCST96L06D416X', '1996-07-06', 'ERBA', 'VIALE PIAVE 19', 'ROGENO', 'AUTOMAZIONE', '2015-05-21 04:10:36', '2015-05-21 04:10:36', 3),
(51, 0, 'MORENO', 'BOLIS', 'BLSMRN97E07E507O', '1997-05-07', 'LECCO', 'VIA COSTALOTTIERE, 11', 'ERVE', 'AUTOMAZIONE', '2015-05-21 04:10:36', '2015-05-21 04:10:36', 3),
(52, 0, 'LUCA', 'CANALI', 'CNLLCU97M20D416F', '1997-08-20', 'ERBA', 'VIA ROSSI 21', 'SUELLO', 'AUTOMAZIONE', '2015-05-21 04:10:36', '2015-05-21 04:10:36', 3),
(53, 0, 'RICCARDO', 'COLOMBO', 'CLMRCR96S07F133O', '1996-11-07', 'MERATE', 'VIA C. COLOMBO, 19', 'VALGREGHENTINO', 'AUTOMAZIONE', '2015-05-21 04:10:36', '2015-05-21 04:10:36', 3),
(54, 0, 'EDOARDO FILIPPO', 'CORTI', 'CRTDDF97E28E507N', '1997-05-28', 'LECCO', 'VIALE DELLA COSTITUZIONE,24', 'MANDELLO DEL LARIO', 'AUTOMAZIONE', '2015-05-21 04:10:36', '2015-05-21 04:10:36', 3),
(55, 0, 'STEFANO', 'CORTI', 'CRTSFN97H26E507U', '1997-06-26', 'LECCO', 'VIA STELLA DIANA N. 21', 'CIVATE', 'AUTOMAZIONE', '2015-05-21 04:10:36', '2015-05-21 04:10:36', 3),
(56, 0, 'VITTORIO', 'CORTI', 'CRTVTR97A05E507I', '1997-01-05', 'LECCO', 'C.SO MARTIRI DELLA LIBER.NE,161', 'LECCO', 'AUTOMAZIONE', '2015-05-21 04:10:36', '2015-05-21 04:10:36', 3),
(57, 0, 'GIOVANNI', 'CRIMELLA', 'CRMGNN97S28E507S', '1997-11-28', 'LECCO', 'VIA SAN ALESSANDRO, 22', 'GALBIATE', 'AUTOMAZIONE', '2015-05-21 04:10:36', '2015-05-21 04:10:36', 3),
(58, 0, 'CHOUAIB', 'FAOUZI', 'FZACHB96M24Z330V', '1996-08-24', 'CASABLANCA', 'LOCALITA'' TORRICELLA, 1', 'CALCO', 'AUTOMAZIONE', '2015-05-21 04:10:36', '2015-05-21 04:10:36', 3),
(59, 0, 'GIOVANNI', 'GALEPPI', 'GLPGNN97R23F158M', '1997-10-23', 'MESSINA', 'VIA DE GASPERI, 17/B', 'LECCO', 'AUTOMAZIONE', '2015-05-21 04:10:36', '2015-05-21 04:10:36', 3),
(60, 0, 'ANGELO', 'MOLTENI', 'MLTNGL97H27E507Y', '1997-06-27', 'LECCO', 'VIA A. DE GASPERI 15', 'GALBIATE', 'AUTOMAZIONE', '2015-05-21 04:10:36', '2015-05-21 04:10:36', 3),
(61, 0, 'ALESSANDRO', 'MONTANARI', 'MNTLSN97E13E507E', '1997-05-13', 'LECCO', 'VIA AZZECCAGARBUGLI, 20/B', 'LECCO', 'AUTOMAZIONE', '2015-05-21 04:10:36', '2015-05-21 04:10:36', 3),
(62, 0, 'ERIC', 'NASAZZI', 'NSZRCE97C26E507P', '1997-03-26', 'LECCO', 'VIA SAN NICOLO'' , 6', 'LIERNA', 'AUTOMAZIONE', '2015-05-21 04:10:36', '2015-05-21 04:10:36', 3),
(63, 0, 'ANTONIO', 'ROSSI', 'RSSNTN97B16E507A', '1997-02-16', 'LECCO', 'V. PROVINCIALE 32', 'PRIMALUNA', 'AUTOMAZIONE', '2015-05-21 04:10:36', '2015-05-21 04:10:36', 3),
(64, 0, 'ANDREA', 'RUSCONI', 'RSCNDR97H04E507A', '1997-06-04', 'LECCO', 'VIA C. CATTANEO, 31', 'LECCO', 'AUTOMAZIONE', '2015-05-21 04:10:36', '2015-05-21 04:10:36', 3),
(65, 0, 'DAVIDE', 'RUSCONI', 'RSCDVD96H11E507W', '1996-06-11', 'LECCO', 'VIA A. MANZONI, 35', 'MONTE MARENZO', 'AUTOMAZIONE', '2015-05-21 04:10:36', '2015-05-21 04:10:36', 3),
(66, 0, 'MARCO', 'RUSCONI', 'RSCMRC97C13E507Y', '1997-03-13', 'LECCO', 'VIA ROCCA 7', 'VALMADRERA', 'AUTOMAZIONE', '2015-05-21 04:10:36', '2015-05-21 04:10:36', 3),
(67, 0, 'DAVIDE', 'SALA', 'SLADVD97H17C933G', '1997-06-17', 'COMO', 'VIA MADONNINA 119', 'CASATENOVO', 'AUTOMAZIONE', '2015-05-21 04:10:36', '2015-05-21 04:10:36', 3),
(68, 0, 'FEDERICO', 'STAFFA', 'STFFRC97R15F133U', '1997-10-15', 'MERATE', 'VIA FOPPETTA, 7', 'MERATE', 'AUTOMAZIONE', '2015-05-21 04:10:36', '2015-05-21 04:10:36', 3),
(69, 0, 'ALBERTO', 'TEGIACCHI', 'TGCLRT96T21E507K', '1996-12-21', 'LECCO', 'VIA PREGUDA, 65', 'VALMADRERA', 'AUTOMAZIONE', '2015-05-21 04:10:36', '2015-05-21 04:10:36', 3),
(70, 0, 'MATTEO', 'VACCARI', 'VCCMTT97P18D416L', '1997-09-18', 'ERBA', 'VIA BAINSIZZA 24', 'LECCO', 'AUTOMAZIONE', '2015-05-21 04:10:36', '2015-05-21 04:10:36', 3),
(71, 0, 'MATTEO', 'BERETTA', 'BRTMTT97C31E507Q', '1997-03-31', 'LECCO', 'VIA ROMA, 4', 'SIRONE', 'LICEO', '2015-05-21 04:10:49', '2015-05-21 04:10:49', 4),
(72, 0, 'DAVIDE', 'BONACINA', 'BNCDVD97B07F712D', '1997-02-07', 'MORBEGNO', 'VIA LEZZENO, 23', 'BELLANO', 'LICEO', '2015-05-21 04:10:49', '2015-05-21 04:10:49', 4),
(73, 0, 'SARA', 'BUZZI', 'BZZSRA97T45E507L', '1997-12-05', 'LECCO', 'VIA S. STEFANO, 7', 'LECCO', 'LICEO', '2015-05-21 04:10:50', '2015-05-21 04:10:50', 4),
(74, 0, 'LEONARDO', 'CIAPPESONI', 'CPPLRD97C26E507Z', '1997-03-26', 'LECCO', 'VIA DEI PARTIGIANI 6', 'MANDELLO DEL LARIO', 'LICEO', '2015-05-21 04:10:50', '2015-05-21 04:10:50', 4),
(75, 0, 'ALESSANDRO', 'COLOMBO', 'CLMLSN97T19E507M', '1997-12-19', 'LECCO', 'VIA LE BALZE,1', 'ELLO', 'LICEO', '2015-05-21 04:10:50', '2015-05-21 04:10:50', 4),
(76, 0, 'CLAUDIO ALBERTO', 'DAHO''', 'DHACDL97A03E507B', '1997-01-03', 'LECCO', 'VIA GHISLANZONI 2', 'LECCO', 'LICEO', '2015-05-21 04:10:50', '2015-05-21 04:10:50', 4),
(77, 0, 'PIETRO', 'DELL''ERA', 'DLLPTR97P24D416I', '1997-09-24', 'ERBA', 'VIA BOLZANO, 1', 'LECCO', 'LICEO', '2015-05-21 04:10:50', '2015-05-21 04:10:50', 4),
(78, 0, 'PAOLA', 'FRIGERIO', 'FRGPLA97S51E507N', '1997-11-11', 'LECCO', 'VIA DON L.MONZA,30', 'LECCO', 'LICEO', '2015-05-21 04:10:50', '2015-05-21 04:10:50', 4),
(79, 0, 'ANDREA', 'GERMINI', 'GRMNDR97M24L682B', '1997-08-24', 'VARESE', 'VIA  FONTANA 6', 'VALMADRERA', 'LICEO', '2015-05-21 04:10:50', '2015-05-21 04:10:50', 4),
(80, 0, 'MARCO', 'GIORDA', 'GRDMRC97P22D416X', '1997-09-22', 'ERBA', 'VIA CAlCHIROLA, 21/L', 'BOSISIO PARINI', 'LICEO', '2015-05-21 04:10:50', '2015-05-21 04:10:50', 4),
(81, 0, 'CHIARA', 'MUZIO', 'MZUCHR97M71E507A', '1997-08-31', 'LECCO', 'SENTIERO CARBE`3/B', 'MANDELLO DEL LARIO', 'LICEO', '2015-05-21 04:10:50', '2015-05-21 04:10:50', 4),
(82, 0, 'FEDORA', 'OLIVADESE', 'LVDFDR97H56E507E', '1997-06-16', 'LECCO', 'VIA DON MINZONI 8', 'LECCO', 'LICEO', '2015-05-21 04:10:50', '2015-05-21 04:10:50', 4),
(83, 0, 'MATTIA', 'PANZERI', 'PNZMTT97E10E507B', '1997-05-10', 'LECCO', 'VIA DELL'' INDUSTRIA, 1', 'SIRONE', 'LICEO', '2015-05-21 04:10:50', '2015-05-21 04:10:50', 4),
(84, 0, 'LAURA', 'PELACCHI', 'PLCLRA97T59E507K', '1997-12-19', 'LECCO', 'PER MAGGIANA,30/2', 'MANDELLO DEL LARIO', 'LICEO', '2015-05-21 04:10:50', '2015-05-21 04:10:50', 4),
(85, 0, 'CRISTIAN', 'RONCONI', 'RNCCST97D08E507R', '1997-04-08', 'LECCO', 'VIA LEOPARDI N.12', 'GARBAGNATE MONASTERO', 'LICEO', '2015-05-21 04:10:50', '2015-05-21 04:10:50', 4),
(86, 0, 'GIANLUCA', 'RUSCONI', 'RSCGLC97R10E507L', '1997-10-10', 'LECCO', 'VIA CONCORDIA 7', 'VALMADRERA', 'LICEO', '2015-05-21 04:10:50', '2015-05-21 04:10:50', 4),
(87, 0, 'MATTIA', 'SELVA', 'SLVMTT97R07E507J', '1997-10-07', 'LECCO', 'LOC. SORAGNA, 1', 'CREMENO', 'LICEO', '2015-05-21 04:10:50', '2015-05-21 04:10:50', 4),
(88, 0, 'LORENZO', 'TAGLIAFERRI', 'TGLLNZ97P20F133Z', '1997-09-20', 'MERATE', 'VIA ITALIA, n.23', 'AIRUNO', 'LICEO', '2015-05-21 04:10:50', '2015-05-21 04:10:50', 4),
(89, 0, 'DAVIDE', 'ANESETTI', 'NSTDVD97S19E507I', '1997-11-19', 'LECCO', 'VIA VARCA 2', 'PRIMALUNA', 'MECCANICA', '2015-05-21 04:11:00', '2015-05-21 04:11:00', 5),
(90, 0, 'STEFANO', 'AROSIO', 'RSASFN96A29F704X', '1996-01-29', 'MONZA', 'VIA LARIANA,52', 'COLLE BRIANZA', 'MECCANICA', '2015-05-21 04:11:00', '2015-05-21 04:11:00', 5),
(91, 0, 'EZIO', 'BERGAMINI', 'BRGZEI97C24E507W', '1997-03-24', 'LECCO', 'VIA DAMIANO ARRIGONI, 16', 'INTROBIO', 'MECCANICA', '2015-05-21 04:11:00', '2015-05-21 04:11:00', 5),
(92, 0, 'CHERYL', 'BRAMBILLA', 'BRMCRY97C47D434R', '1997-03-07', 'ESINE', 'VIA ROMA, 17', 'LOMAGNA', 'MECCANICA', '2015-05-21 04:11:00', '2015-05-21 04:11:00', 5),
(93, 0, 'ANDREA', 'BRENNA', 'BRNNDR96R19E507J', '1996-10-19', 'LECCO', 'VIA CELLINI, 12', 'LECCO', 'MECCANICA', '2015-05-21 04:11:00', '2015-05-21 04:11:00', 5),
(94, 0, 'LUCA', 'CRESTAN', 'CRSLCU97A07C623M', '1997-01-07', 'CHIAVENNA', 'VIA PALESTRO, 2', 'LECCO', 'MECCANICA', '2015-05-21 04:11:00', '2015-05-21 04:11:00', 5),
(95, 0, 'ABDOULAYE', 'DABRE''', 'DBRBLY92P14Z354X', '1992-09-14', 'BOUAKE', 'VIA G. DI VITTORIO, 9', 'CALOLZIOCORTE', 'MECCANICA', '2015-05-21 04:11:00', '2015-05-21 04:11:00', 5),
(96, 0, 'GIOELE', 'FUMAGALLI', 'FMGGLI97M01F133P', '1997-08-01', 'MERATE', 'VIA C. BATTISTI 8/C', 'OLGIATE MOLGORA', 'MECCANICA', '2015-05-21 04:11:00', '2015-05-21 04:11:00', 5),
(97, 0, 'FRANCESCO', 'GHISLENI', 'GHSFNC97B07E507K', '1997-02-07', 'LECCO', 'FRAZ. BUTTELLO,1', 'VALGREGHENTINO', 'MECCANICA', '2015-05-21 04:11:00', '2015-05-21 04:11:00', 5),
(98, 0, 'DANTE', 'GILARDI', 'GLRDNT97D27E507I', '1997-04-27', 'LECCO', 'VIA DE GASPERI, 4/G', 'VALGREGHENTINO', 'MECCANICA', '2015-05-21 04:11:00', '2015-05-21 04:11:00', 5),
(99, 0, 'SIMONE', 'IVAN', 'VNISMN97L27E507U', '1997-07-27', 'LECCO', 'VIA CASA PARADISO, 1', 'MOLTENO', 'MECCANICA', '2015-05-21 04:11:00', '2015-05-21 04:11:00', 5),
(100, 0, 'DANIELE', 'MAGGI', 'MGGDNL95L21E507J', '1995-07-21', 'LECCO', 'VIA DEL PONTE, 20', 'CIVATE', 'MECCANICA', '2015-05-21 04:11:00', '2015-05-21 04:11:00', 5),
(101, 0, 'MATTEO', 'MANTOVA', 'MNTMTT97E17F712R', '1997-05-17', 'MORBEGNO', 'VIA ALLO ZUCCO, 3', 'PERLEDO', 'MECCANICA', '2015-05-21 04:11:00', '2015-05-21 04:11:00', 5),
(102, 0, 'ROBERTO', 'PASSONI', 'PSSRRT96R28M052A', '1996-10-28', 'VIMERCATE', 'VIA PASTORE 4', 'CARNATE', 'MECCANICA', '2015-05-21 04:11:00', '2015-05-21 04:11:00', 5),
(103, 0, 'MATTIA', 'RIPAMONTI', 'RPMMTT97P12E507B', '1997-09-12', 'LECCO', 'VIA PARZANELLA SUP.3', 'VALGREGHENTINO', 'MECCANICA', '2015-05-21 04:11:00', '2015-05-21 04:11:00', 5),
(104, 0, 'EDOARDO', 'SALA', 'SLADRD96S27E507A', '1996-11-27', 'LECCO', 'VIA PER ESINO, 2', 'PERLEDO', 'MECCANICA', '2015-05-21 04:11:00', '2015-05-21 04:11:00', 5),
(105, 0, 'STEFANO', 'SPREAFICO', 'SPRSFN97S24E507I', '1997-11-24', 'LECCO', 'VIA CASTAGNETO, 12', 'MALGRATE', 'MECCANICA', '2015-05-21 04:11:00', '2015-05-21 04:11:00', 5),
(106, 0, 'THOMAS', 'STASZEK', 'STSTMS96P08E507Z', '1996-09-08', 'LECCO', 'VIA FONTANA NEBBIANA, 3', 'CREMENO', 'MECCANICA', '2015-05-21 04:11:00', '2015-05-21 04:11:00', 5),
(107, 0, 'IVANO', 'AMATI', 'MTAVNI97L04E507G', '1997-07-04', 'LECCO', 'FRAZ. S. DIONIGI, 3/A', 'VALMADRERA', 'ELETTROTECNICA', '2015-05-21 04:12:03', '2015-05-21 04:12:03', 7),
(108, 0, 'DAVIDE', 'BONACINA', 'BNCDVD97D18E507T', '1997-04-18', 'LECCO', 'VIA FAVIRANO, 6', 'CALOLZIOCORTE', 'ELETTROTECNICA', '2015-05-21 04:12:03', '2015-05-21 04:12:03', 7),
(109, 0, 'THOMAS', 'CAVERIO', 'CVRTMS97S20F712E', '1997-11-20', 'MORBEGNO', 'VIA  E. FERMI, 1/E', 'PREMANA', 'ELETTROTECNICA', '2015-05-21 04:12:03', '2015-05-21 04:12:03', 7),
(110, 0, 'SAMUELE', 'DA RONCH', 'DRNSML97E15E507U', '1997-05-15', 'LECCO', 'VIA MONASTERO, 17', 'DERVIO', 'ELETTROTECNICA', '2015-05-21 04:12:03', '2015-05-21 04:12:03', 7),
(111, 0, 'LUCA', 'DE MARCHI', 'DMRLCU97C07L219V', '1997-03-07', 'TORINO', 'VIA CIPOLLINA 3', 'COLICO', 'ELETTROTECNICA', '2015-05-21 04:12:03', '2015-05-21 04:12:03', 7),
(112, 0, 'MICHELE', 'GAMBA', 'GMBMHL97E21E507K', '1997-05-21', 'LECCO', 'VIA CALOLZIO, 24', 'CARENNO', 'ELETTROTECNICA', '2015-05-21 04:12:03', '2015-05-21 04:12:03', 7),
(113, 0, 'MAURO', 'LOSA', 'LSOMRA97E01E507U', '1997-05-01', 'LECCO', 'VIA MANDAMENTALE 52/C', 'CALOLZIOCORTE', 'ELETTROTECNICA', '2015-05-21 04:12:03', '2015-05-21 04:12:03', 7),
(114, 0, 'FRANCESCO', 'MASCELLANI', 'MSCFNC97T16E507E', '1997-12-16', 'LECCO', 'VIA BAZZONA SUPERIORE, 5', 'GALBIATE', 'ELETTROTECNICA', '2015-05-21 04:12:03', '2015-05-21 04:12:03', 7),
(115, 0, 'MAURO', 'POMONI', 'PMNMRA97M24E151R', '1997-08-24', 'GRAVEDONA', 'VIA VALTELLINA, 1', 'PREMANA', 'ELETTROTECNICA', '2015-05-21 04:12:03', '2015-05-21 04:12:03', 7),
(116, 0, 'MATTIA', 'RIVIERA', 'RVRMTT97A14E507Z', '1997-01-14', 'LECCO', 'VIA S. NICOLO'', 19', 'LIERNA', 'ELETTROTECNICA', '2015-05-21 04:12:03', '2015-05-21 04:12:03', 7),
(117, 0, 'MATTEO', 'SANGALLI', 'SNGMTT97R24E507K', '1997-10-24', 'LECCO', 'VIA G. FALCONE 8', 'BALLABIO', 'ELETTROTECNICA', '2015-05-21 04:12:03', '2015-05-21 04:12:03', 7),
(118, 0, 'MATTEO', 'SPILLER', 'SPLMTT97B07E507Z', '1997-02-07', 'LECCO', 'VIA CARLO ALBERTO, 26/A', 'BELLANO', 'ELETTROTECNICA', '2015-05-21 04:12:03', '2015-05-21 04:12:03', 7),
(119, 0, 'GIORGIO', 'TOMAINO', 'TMNGRG97B02E507D', '1997-02-02', 'LECCO', 'VIA C. BATTISTI, 13', 'CALOLZIOCORTE', 'ELETTROTECNICA', '2015-05-21 04:12:03', '2015-05-21 04:12:03', 7),
(120, 0, 'GABRIELE', 'VITTORI', 'VTTGRL97S26E507D', '1997-11-26', 'LECCO', 'VIA PREALPI, 38', 'PREMANA', 'ELETTROTECNICA', '2015-05-21 04:12:03', '2015-05-21 04:12:03', 7),
(121, 0, 'LUCA', 'ARIETI', 'RTALCU96E30E507I', '1996-05-30', 'LECCO', 'VIA SEGANTINI N. 44/2', 'MANDELLO DEL LARIO', 'ENERGIA', '2015-05-21 04:12:46', '2015-05-21 04:12:46', 8),
(122, 0, 'STEFANO', 'ARRIGONI', 'RRGSFN97P07E507K', '1997-09-07', 'LECCO', 'VIA L. TAVOLA, 35', 'VALGREGHENTINO', 'ENERGIA', '2015-05-21 04:12:46', '2015-05-21 04:12:46', 8),
(123, 0, 'ERICA', 'BARACHETTI', 'BRCRCE97B68E507F', '1997-02-28', 'LECCO', 'VIA UGO BASSI 19', 'LECCO', 'ENERGIA', '2015-05-21 04:12:46', '2015-05-21 04:12:46', 8),
(124, 0, 'SAMUELE', 'BRIVIO', 'BRVSML97M04B729O', '1997-08-04', 'CARATE BRIANZA', 'VIA XXV APRILE 19', 'OSNAGO', 'ENERGIA', '2015-05-21 04:12:46', '2015-05-21 04:12:46', 8),
(125, 0, 'ALESSIO', 'CASIRAGHI', 'CSRLSS97T01E507S', '1997-12-01', 'LECCO', 'VIA A. MORO, 72/1', 'MOLTENO', 'ENERGIA', '2015-05-21 04:12:46', '2015-05-21 04:12:46', 8),
(126, 0, 'RICCARDO', 'CAZZANIGA', 'CZZRCR97C27E507W', '1997-03-27', 'LECCO', 'VIA PUECHER, 62', 'MOLTENO', 'ENERGIA', '2015-05-21 04:12:46', '2015-05-21 04:12:46', 8),
(127, 0, 'ALESSANDRO', 'DI MICELI', 'DMCLSN97D04E507I', '1997-04-04', 'LECCO', 'VIA CORSICA53', 'DOLZAGO', 'ENERGIA', '2015-05-21 04:12:46', '2015-05-21 04:12:46', 8),
(128, 0, 'MATTEO', 'GADDI', 'GDDMTT97S10E507Q', '1997-11-10', 'LECCO', 'VIA DELL''ACQUA BIANCA, 6', 'MANDELLO DEL LARIO', 'ENERGIA', '2015-05-21 04:12:46', '2015-05-21 04:12:46', 8),
(129, 0, 'DANIELE', 'GELPI', 'GLPDNL97T28E507E', '1997-12-28', 'LECCO', 'VIA PROVINCIALE, 49', 'BALLABIO', 'ENERGIA', '2015-05-21 04:12:46', '2015-05-21 04:12:46', 8),
(130, 0, 'SIMONE', 'MANGILI', 'MNGSMN97D18E507C', '1997-04-18', 'LECCO', 'VIA DEL ROCCOLO 11', 'LECCO', 'ENERGIA', '2015-05-21 04:12:46', '2015-05-21 04:12:46', 8),
(131, 0, 'ANDREA', 'MASCALI', 'MSCNDR97R23E507B', '1997-10-23', 'LECCO', 'VIALE REPUBBLICA 15', 'ELLO', 'ENERGIA', '2015-05-21 04:12:46', '2015-05-21 04:12:46', 8),
(132, 0, 'LUCA', 'MOTTA', 'MTTLCU97A23E507D', '1997-01-23', 'LECCO', 'VIA DE GASPERI, 5', 'VALGREGHENTINO', 'ENERGIA', '2015-05-21 04:12:46', '2015-05-21 04:12:46', 8),
(133, 0, 'NICO', 'POMI', 'PMONCI97B01E507K', '1997-02-01', 'LECCO', 'VIA ROMA 19', 'TACENO', 'ENERGIA', '2015-05-21 04:12:46', '2015-05-21 04:12:46', 8),
(134, 0, 'LEONARDO', 'RANIERI', 'RNRLRD97C01E507O', '1997-03-01', 'LECCO', 'VIA E. TOTI 5', 'AIRUNO', 'ENERGIA', '2015-05-21 04:12:46', '2015-05-21 04:12:46', 8),
(135, 0, 'FRANCESCO', 'TAGLIABUE', 'TGLFNC97D21D416M', '1997-04-21', 'ERBA', 'VIA MEUCCI 1/A', 'ERBA', 'ENERGIA', '2015-05-21 04:12:46', '2015-05-21 04:12:46', 8),
(136, 0, 'ROBERTO', 'VISCARDI', 'VSCRRT97B22B729X', '1997-02-22', 'CARATE BRIANZA', 'VIA STATALE 63', 'PEREGO', 'ENERGIA', '2015-05-21 04:12:46', '2015-05-21 04:12:46', 8),
(137, 0, 'CLAUDIO', 'BENEDETTI', 'BNDCLD97A02E507T', '1997-01-02', 'LECCO', 'VIA CORSENA, 14', 'CASSINA VALSASSINA', 'MECCANICA', '2015-05-21 04:13:09', '2015-05-21 04:13:09', 9),
(138, 0, 'ALESSANDRO ANTONIO', 'CAVALLIER', 'CVLLSN97L26F133A', '1997-07-26', 'MERATE', 'VIA DEI PARTIGIANI46/A', 'MANDELLO DEL LARIO', 'MECCANICA', '2015-05-21 04:13:09', '2015-05-21 04:13:09', 9),
(139, 0, 'ALESSIO', 'CERVELIONE', 'CRVLSS98B24E507R', '1998-02-24', 'LECCO', 'VIA BEZZECCA, 22/D', 'LECCO', 'MECCANICA', '2015-05-21 04:13:09', '2015-05-21 04:13:09', 9),
(140, 0, 'SIMONE', 'CIMPANELLI', 'CMPSMN97T11E507Q', '1997-12-11', 'LECCO', 'V.LE TRIESTE 9', 'PASTURO', 'MECCANICA', '2015-05-21 04:13:09', '2015-05-21 04:13:09', 9),
(141, 0, 'ANDREA', 'CIRILLO', 'CRLNDR97T24E507U', '1997-12-24', 'LECCO', 'VIA L. MANARA, 3', 'LECCO', 'MECCANICA', '2015-05-21 04:13:09', '2015-05-21 04:13:09', 9),
(142, 0, 'SAMUEL', 'COLOMBO', 'CLMSML96M13E507M', '1996-08-13', 'LECCO', 'STRADA CONS.LE DELLE FOPPE N.6', 'OGGIONO', 'MECCANICA', '2015-05-21 04:13:09', '2015-05-21 04:13:09', 9),
(143, 0, 'ALESSANDRO', 'FILIPPELLI', 'FLPLSN95H16E507A', '1995-06-16', 'LECCO', 'VIA SPLUGA, 32', 'OLGINATE', 'MECCANICA', '2015-05-21 04:13:09', '2015-05-21 04:13:09', 9),
(144, 0, 'MATTIA', 'MASERA', 'MSRMTT97L03D416A', '1997-07-03', 'ERBA', 'VIA PORTA 9', 'MERONE', 'MECCANICA', '2015-05-21 04:13:09', '2015-05-21 04:13:09', 9),
(145, 0, 'LORENZO', 'PIAZZONI', 'PZZLNZ97S05E507M', '1997-11-05', 'LECCO', 'VIA RAFFAELLO, 3', 'CALOLZIOCORTE', 'MECCANICA', '2015-05-21 04:13:09', '2015-05-21 04:13:09', 9),
(146, 0, 'ALESSANDRO', 'PIN', 'PNILSN97A21E507G', '1997-01-21', 'LECCO', 'VIA FIUME 51 int. 4', 'BALLABIO', 'MECCANICA', '2015-05-21 04:13:09', '2015-05-21 04:13:09', 9),
(147, 0, 'ANDREA', 'RUSCONI', 'RSCNDR96C26E507V', '1996-03-26', 'LECCO', 'VIA S. ANTONIO, 18', 'VALMADRERA', 'MECCANICA', '2015-05-21 04:13:09', '2015-05-21 04:13:09', 9),
(148, 0, 'DAVIDE', 'SALA', 'SLADVD97S23E507T', '1997-11-23', 'LECCO', 'VIA CALCHIROLA 14', 'BOSISIO PARINI', 'MECCANICA', '2015-05-21 04:13:09', '2015-05-21 04:13:09', 9),
(149, 0, 'MATTEO', 'SELVA', 'SLVMTT97S17E507O', '1997-11-17', 'LECCO', 'VIA VALTORTA, 14', 'BARZIO', 'MECCANICA', '2015-05-21 04:13:09', '2015-05-21 04:13:09', 9),
(150, 0, 'FILIPPO', 'VILLA', 'VLLFPP97C13E507T', '1997-03-13', 'LECCO', 'VIALE GIOVANNI XXIII  6', 'MOLTENO', 'MECCANICA', '2015-05-21 04:13:09', '2015-05-21 04:13:09', 9),
(151, 0, 'ALBERTO', 'ZILIO', 'ZLILRT97D24E507P', '1997-04-24', 'LECCO', 'VIA FUMAGALLI 26D', 'LECCO', 'MECCANICA', '2015-05-21 04:13:09', '2015-05-21 04:13:09', 9),
(152, 0, 'CLAUDIO', 'ANDERIS', 'NDRCLD98R19E507D', '1998-10-19', 'LECCO', 'VIA TRENTO, 9', 'LECCO', 'AUTOMAZIONE', '2015-05-21 04:13:30', '2015-05-21 04:13:30', 10),
(153, 0, 'ALESSANDRO', 'BASSANI', 'BSSLSN98H22E507X', '1998-06-22', 'LECCO', 'VIA A. DE GASPERI 19', 'GALBIATE', 'AUTOMAZIONE', '2015-05-21 04:13:30', '2015-05-21 04:13:30', 10),
(154, 0, 'ANDREA', 'BOLIS', 'BLSNDR98C23E507H', '1998-03-23', 'LECCO', 'VIA MONTE PIZZO, 45', 'VERCURAGO', 'AUTOMAZIONE', '2015-05-21 04:13:30', '2015-05-21 04:13:30', 10),
(155, 0, 'MIRKO', 'CARSANA', 'CRSMRK98E30E507K', '1998-05-30', 'LECCO', 'VIA RIGAMONTE, 21', 'CARENNO', 'AUTOMAZIONE', '2015-05-21 04:13:30', '2015-05-21 04:13:30', 10),
(156, 0, 'DAVIDE', 'COGLIATI', 'CGLDVD98L16E507K', '1998-07-16', 'LECCO', 'VIA G.PUCCINI, 8/A', 'COSTA MASNAGA', 'AUTOMAZIONE', '2015-05-21 04:13:30', '2015-05-21 04:13:30', 10),
(157, 0, 'SIMONE', 'COLOMBO', 'CLMSMN98L22D416V', '1998-07-22', 'ERBA', 'VIA CABELLA LATTUADA 2', 'ANNONE DI BRIANZA', 'AUTOMAZIONE', '2015-05-21 04:13:30', '2015-05-21 04:13:30', 10),
(158, 0, 'NICOLA', 'DONISELLI', 'DNSNCL98B22E507B', '1998-02-22', 'LECCO', 'VIA CARRERI, 8', 'PASTURO', 'AUTOMAZIONE', '2015-05-21 04:13:30', '2015-05-21 04:13:30', 10),
(159, 0, 'FABIO', 'FUMAGALLI', 'FMGFBA97A22E507L', '1997-01-22', 'LECCO', 'VIA MARCONI 44', 'CASSAGO BRIANZA', 'AUTOMAZIONE', '2015-05-21 04:13:30', '2015-05-21 04:13:30', 10),
(160, 0, 'SAMUELE', 'FUMAGALLI', 'FMGSML98H23E507U', '1998-06-23', 'LECCO', 'VIA PROMESSI SPOSI, 39', 'PESCATE', 'AUTOMAZIONE', '2015-05-21 04:13:30', '2015-05-21 04:13:30', 10),
(161, 0, 'LUCA', 'GENNARI', 'GNNLCU98L24F704D', '1998-07-24', 'MONZA', 'VIA S.GREGORIO 19', 'CASSAGO BRIANZA', 'AUTOMAZIONE', '2015-05-21 04:13:30', '2015-05-21 04:13:30', 10),
(162, 0, 'ALAN', 'GIANOLA', 'GNLLNA98D14E507N', '1998-04-14', 'LECCO', 'VIA PREALPI 32/B', 'PREMANA', 'AUTOMAZIONE', '2015-05-21 04:13:30', '2015-05-21 04:13:30', 10),
(163, 0, 'GIANLUCA', 'GIUDICI', 'GDCGLC97D10E507C', '1997-04-10', 'LECCO', 'STRADA PRIV.MARSALA,1', 'MANDELLO DEL LARIO', 'AUTOMAZIONE', '2015-05-21 04:13:30', '2015-05-21 04:13:30', 10),
(164, 0, 'CARLO', 'GNECCHI', 'GNCCRL97M06E507T', '1997-08-06', 'LECCO', 'VIA MONTEGRAPPA 11', 'LECCO', 'AUTOMAZIONE', '2015-05-21 04:13:30', '2015-05-21 04:13:30', 10),
(165, 0, 'JHERY RODRIGO', 'GRAGEDA SALAZAR', 'GRGJRY97C14Z601P', '1997-03-14', 'BOLIVIA', 'VIA FRATELLI FIGINI,17', 'LECCO', 'AUTOMAZIONE', '2015-05-21 04:13:30', '2015-05-21 04:13:30', 10),
(166, 0, 'ALESSIO', 'LOSA', 'LSOLSS98T20E507Y', '1998-12-20', 'LECCO', 'VIALE F.TURATI, 64', 'LECCO', 'AUTOMAZIONE', '2015-05-21 04:13:30', '2015-05-21 04:13:30', 10),
(167, 0, 'LORENZO', 'MANNI', 'MNNLNZ98R14E507G', '1998-10-14', 'LECCO', 'VIA PER MOZZANA,9', 'GALBIATE', 'AUTOMAZIONE', '2015-05-21 04:13:30', '2015-05-21 04:13:30', 10),
(168, 0, 'SIMONE', 'MANZONI', 'MNZSMN98L30E507S', '1998-07-30', 'LECCO', 'VIA CESARE CANTU'', 69', 'OLGINATE', 'AUTOMAZIONE', '2015-05-21 04:13:30', '2015-05-21 04:13:30', 10),
(169, 0, 'MATTIA', 'MAURI', 'MRAMTT98D27E507O', '1998-04-27', 'LECCO', 'VIA P. VALSECCHI, 2', 'CIVATE', 'AUTOMAZIONE', '2015-05-21 04:13:30', '2015-05-21 04:13:30', 10),
(170, 0, 'DANIELE', 'MENESCARDI', 'MNSDNL98C18F133Q', '1998-03-18', 'MERATE', 'VIA S. GERMAIN LAPRADE 47', 'CALCO', 'AUTOMAZIONE', '2015-05-21 04:13:30', '2015-05-21 04:13:30', 10),
(171, 0, 'CHRISTIAN', 'PIGAZZINI', 'PGZCRS98T06E507W', '1998-12-06', 'LECCO', 'VIA CALOLZIO, 22', 'CARENNO', 'AUTOMAZIONE', '2015-05-21 04:13:30', '2015-05-21 04:13:30', 10),
(172, 0, 'ANDREA', 'PIRASTRU', 'PRSNDR96P28I452R', '1996-09-28', 'SASSARI', 'VIA SAN PROTASIO,1', 'MERATE', 'AUTOMAZIONE', '2015-05-21 04:13:30', '2015-05-21 04:13:30', 10),
(173, 0, 'LUCA', 'RADAELLI', 'RDLLCU98P23E507W', '1998-09-23', 'LECCO', 'VIA PARINI, 537', 'GARLATE', 'AUTOMAZIONE', '2015-05-21 04:13:30', '2015-05-21 04:13:30', 10),
(174, 0, 'STEFANO', 'RIVA', 'RVISFN98A17E507S', '1998-01-17', 'LECCO', 'VIA CONCORDIA, 21', 'VALMADRERA', 'AUTOMAZIONE', '2015-05-21 04:13:31', '2015-05-21 04:13:31', 10),
(175, 0, 'NICOLA', 'RUBERTO', 'RBRNCL98D15E507A', '1998-04-15', 'LECCO', 'VIA RESEGONE,20', 'VALMADRERA', 'AUTOMAZIONE', '2015-05-21 04:13:31', '2015-05-21 04:13:31', 10),
(176, 0, 'PEDRO ANGELO', 'RUSCONI', 'RSCPRN98E27E507C', '1998-05-27', 'LECCO', 'VIA DELLE PRIMULE,10', 'MALGRATE', 'AUTOMAZIONE', '2015-05-21 04:13:31', '2015-05-21 04:13:31', 10),
(177, 0, 'SIMONE', 'SCIGLIANO', 'SCGSMN98L01E507P', '1998-07-01', 'LECCO', 'VIA XXIV MAGGIO 12', 'CIVATE', 'AUTOMAZIONE', '2015-05-21 04:13:31', '2015-05-21 04:13:31', 10),
(178, 0, 'GIORGIO', 'TENTORI', 'TNTGRG98B10E507W', '1998-02-10', 'LECCO', 'VIA TORBA, 7/A', 'CARENNO', 'AUTOMAZIONE', '2015-05-21 04:13:31', '2015-05-21 04:13:31', 10),
(179, 0, 'JOSE RICARDO', 'VACA SANTILLAN', 'VCSJRC97A11Z605W', '1997-01-11', 'ECUADOR', 'VIA AMENDOLA,57', 'LECCO', 'AUTOMAZIONE', '2015-05-21 04:13:31', '2015-05-21 04:13:31', 10),
(180, 0, 'DENIS', 'VANINETTI', 'VNNDNS99A25F712C', '1999-01-25', 'MORBEGNO', 'VIA BALASSI ,33', 'GALBIATE', 'AUTOMAZIONE', '2015-05-21 04:13:31', '2015-05-21 04:13:31', 10),
(181, 0, 'MATTEO', 'VULTAGGIO', 'VLTMTT98M21F133O', '1998-08-21', 'MERATE', 'VIA ALPI , 13/C', 'MISSAGLIA', 'AUTOMAZIONE', '2015-05-21 04:13:31', '2015-05-21 04:13:31', 10),
(182, 0, 'ANDREA', 'ALDEGHI', 'LDGNDR98L04E507F', '1998-07-04', 'LECCO', 'VIA EINAUDI,4', 'BALLABIO', 'LICEO', '2015-05-21 04:13:44', '2015-05-21 04:13:44', 11),
(183, 0, 'EDOARDO', 'BARONE', 'BRNDRD98H19E507X', '1998-06-19', 'LECCO', 'C.SO S.MICHELE DEL CARSO,45', 'LECCO', 'LICEO', '2015-05-21 04:13:44', '2015-05-21 04:13:44', 11),
(184, 0, 'EMANUELE', 'BARONE', 'BRNMNL98H19E507A', '1998-06-19', 'LECCO', 'C.SO S.MICHELE DEL CARSO,45', 'LECCO', 'LICEO', '2015-05-21 04:13:44', '2015-05-21 04:13:44', 11),
(185, 0, 'NADIA', 'BEKKARI', 'BKKNDA98M42E507S', '1998-08-02', 'LECCO', 'VIA CERCHIERA,158', 'PONTIDA', 'LICEO', '2015-05-21 04:13:44', '2015-05-21 04:13:44', 11),
(186, 0, 'GIORGIA', 'BERTULESSI', 'BRTGRG98R56E507M', '1998-10-16', 'LECCO', 'VIA CORSENA, 5', 'CASSINA VALSASSINA', 'LICEO', '2015-05-21 04:13:44', '2015-05-21 04:13:44', 11),
(187, 0, 'PENELOPE FRANCESCA MARIA', 'BOLLINI', 'BLLPLP98P56E507F', '1998-09-16', 'LECCO', 'VIA DEGLI OROBI, 2', 'GALBIATE', 'LICEO', '2015-05-21 04:13:44', '2015-05-21 04:13:44', 11),
(188, 0, 'CHIARA', 'BONGIOVANNI', 'BNGCHR98M65E507I', '1998-08-25', 'LECCO', 'VIA F. PETRARCA, 21', 'MANDELLO DEL LARIO', 'LICEO', '2015-05-21 04:13:45', '2015-05-21 04:13:45', 11),
(189, 0, 'RICCARDO', 'BOTTI', 'BTTRCR98E09E507J', '1998-05-09', 'LECCO', 'VIA MONTESSORI, 6', 'LECCO', 'LICEO', '2015-05-21 04:13:45', '2015-05-21 04:13:45', 11),
(190, 0, 'EDOARDO', 'BUZZELLA', 'BZZDRD98D05I829F', '1998-04-05', 'SONDRIO', 'VIA FONTANEDO, 52/A', 'COLICO', 'LICEO', '2015-05-21 04:13:45', '2015-05-21 04:13:45', 11),
(191, 0, 'ALESSANDRO', 'LIA', 'LIALSN98C10E507P', '1998-03-10', 'LECCO', 'VIA CHIARI,13', 'VALMADRERA', 'LICEO', '2015-05-21 04:13:45', '2015-05-21 04:13:45', 11),
(192, 0, 'FILIPPO', 'LOCATELLI', 'LCTFPP98L23E507P', '1998-07-23', 'LECCO', 'VIA TONIO E GERVASO, 1/B', 'LECCO', 'LICEO', '2015-05-21 04:13:45', '2015-05-21 04:13:45', 11),
(193, 0, 'GIACOMO', 'LOCATELLI', 'LCTGCM98P13E507N', '1998-09-13', 'LECCO', 'VIA MENTANA, 81', 'LECCO', 'LICEO', '2015-05-21 04:13:45', '2015-05-21 04:13:45', 11),
(194, 0, 'EDOARDO', 'MARINO', 'MRNDRD98E07C933B', '1998-05-07', 'COMO', 'VIA CADUTI PER LA LIBERTA'' 30', 'VALMADRERA', 'LICEO', '2015-05-21 04:13:45', '2015-05-21 04:13:45', 11),
(195, 0, 'FILIPPO', 'MARTINIS', 'MRTFPP98P29E507F', '1998-09-29', 'LECCO', 'VIA BERNINI,11', 'VALMADRERA', 'LICEO', '2015-05-21 04:13:45', '2015-05-21 04:13:45', 11),
(196, 0, 'PIETRO', 'MAVER', 'MVRPTR98L03E507L', '1998-07-03', 'LECCO', 'VIA DON A. INVERNIZZI N.10', 'LECCO', 'LICEO', '2015-05-21 04:13:45', '2015-05-21 04:13:45', 11),
(197, 0, 'BRUNO', 'MAZZOLENI', 'MZZBRN98A05E507J', '1998-01-05', 'LECCO', 'VIA A. MANZONI,4', 'SIRONE', 'LICEO', '2015-05-21 04:13:45', '2015-05-21 04:13:45', 11),
(198, 0, 'GAIA', 'PAPINI', 'PPNGAI98M54E507S', '1998-08-14', 'LECCO', 'VIA MONTE PIZZO, 3', 'VERCURAGO', 'LICEO', '2015-05-21 04:13:45', '2015-05-21 04:13:45', 11),
(199, 0, 'SARA', 'PELLADONI', 'PLLSRA98R42E507U', '1998-10-02', 'LECCO', 'VIA DEL SARTO 52', 'LECCO', 'LICEO', '2015-05-21 04:13:45', '2015-05-21 04:13:45', 11),
(200, 0, 'ALESSIA ANTONIA', 'POLIMENI', 'PLMLSN98S53H501L', '1998-11-13', 'ROMA', 'VIA  LARGO CALEOTTO,31', 'LECCO', 'LICEO', '2015-05-21 04:13:45', '2015-05-21 04:13:45', 11),
(201, 0, 'STEFANO', 'REDAELLI', 'RDLSFN98M06E507Z', '1998-08-06', 'LECCO', 'VIA CALDONE 42', 'LECCO', 'LICEO', '2015-05-21 04:13:45', '2015-05-21 04:13:45', 11),
(202, 0, 'FABIO', 'ROTTA', 'RTTFBA98P26E507Z', '1998-09-26', 'LECCO', 'VIA DEL ROCCOLO,33', 'LECCO', 'LICEO', '2015-05-21 04:13:45', '2015-05-21 04:13:45', 11),
(203, 0, 'SIMONE', 'RUSCONI', 'RSCSMN98R14E507F', '1998-10-14', 'LECCO', 'VIA SANTA VECCHIA,60', 'VALMADRERA', 'LICEO', '2015-05-21 04:13:45', '2015-05-21 04:13:45', 11),
(204, 0, 'LORIS', 'SARACI', 'SRCLRS98H30E507Z', '1998-06-30', 'LECCO', 'VIA SAN ROCCO,51', 'VALMADRERA', 'LICEO', '2015-05-21 04:13:45', '2015-05-21 04:13:45', 11),
(205, 0, 'GINEVRA', 'SPREAFICO', 'SPRGVR98R67E507G', '1998-10-27', 'LECCO', 'VIA MONTE SABOTINO, 17', 'LECCO', 'LICEO', '2015-05-21 04:13:45', '2015-05-21 04:13:45', 11),
(206, 0, 'ANNA', 'UBERTI', 'BRTNNA98L44F133V', '1998-07-04', 'MERATE', 'LOC. GALERA, 3', 'CORTENOVA', 'LICEO', '2015-05-21 04:13:45', '2015-05-21 04:13:45', 11),
(207, 0, 'GIACOMO', 'VALSECCHI', 'VLSGCM98B10E507R', '1998-02-10', 'LECCO', 'VIA TRIESTE, 12', 'LECCO', 'LICEO', '2015-05-21 04:13:45', '2015-05-21 04:13:45', 11),
(208, 0, 'MICHELE', 'VALSECCHI', 'VLSMHL98A27E507A', '1998-01-27', 'LECCO', 'VIA MARSALA, 12', 'LECCO', 'LICEO', '2015-05-21 04:13:45', '2015-05-21 04:13:45', 11),
(209, 0, 'SIMONE', 'AGAZZI', 'GZZSMN98S08E507Y', '1998-11-08', 'LECCO', 'VIA CROLLALANZA, 5', 'LECCO', 'MECCANICA', '2015-05-21 04:13:52', '2015-05-21 04:13:52', 12),
(210, 0, 'DAVIDE', 'APRIGLIANO', 'PRGDVD98L06F205S', '1998-07-06', 'MILANO', 'VIA PALESTRO, 16/C', 'LECCO', 'MECCANICA', '2015-05-21 04:13:52', '2015-05-21 04:13:52', 12),
(211, 0, 'SILVIO', 'BARAGETTI', 'BRGSLV98R13F133F', '1998-10-13', 'MERATE', 'VIA PRIVATA MAGNI,1', 'OSNAGO', 'MECCANICA', '2015-05-21 04:13:52', '2015-05-21 04:13:52', 12),
(212, 0, 'MATTEO', 'BARUFFALDI', 'BRFMTT97C31E507P', '1997-03-31', 'LECCO', 'VIA MOLINARA 5', 'PRIMALUNA', 'MECCANICA', '2015-05-21 04:13:52', '2015-05-21 04:13:52', 12),
(213, 0, 'MARCO', 'BELINGHERI', 'BLNMRC98A22E507U', '1998-01-22', 'LECCO', 'C.DA DI SONNICO SOMANA,11', 'MANDELLO DEL LARIO', 'MECCANICA', '2015-05-21 04:13:52', '2015-05-21 04:13:52', 12),
(214, 0, 'ALBERTO', 'BONANOMI', 'BNNLRT98L29F133M', '1998-07-29', 'MERATE', 'VIA BEOLCO, 15', 'OLGIATE MOLGORA', 'MECCANICA', '2015-05-21 04:13:52', '2015-05-21 04:13:52', 12),
(215, 0, 'ANDREA', 'CASATI', 'CSTNDR97D01E507N', '1997-04-01', 'LECCO', 'VIA VOLTA 20', 'VALMADRERA', 'MECCANICA', '2015-05-21 04:13:52', '2015-05-21 04:13:52', 12),
(216, 0, 'MATTEO', 'CASTELNUOVO', 'CSTMTT97D08E507O', '1997-04-08', 'LECCO', 'VIA ROSVANINO 5', 'CALOLZIOCORTE', 'MECCANICA', '2015-05-21 04:13:52', '2015-05-21 04:13:52', 12),
(217, 0, 'CHRISTIAN', 'COLOMBO', 'CLMCRS98M06D416W', '1998-08-06', 'ERBA', 'VIA CERESUOLA N. 4', 'EUPILIO', 'MECCANICA', '2015-05-21 04:13:52', '2015-05-21 04:13:52', 12),
(218, 0, 'ALESSANDRO', 'COMI', 'CMOLSN98R27F704V', '1998-10-27', 'MONZA', 'VIA PEREGO, 3', 'USMATE VELATE', 'MECCANICA', '2015-05-21 04:13:52', '2015-05-21 04:13:52', 12),
(219, 0, 'GIORGIO', 'CONSONNI', 'CNSGRG98D10D416M', '1998-04-10', 'ERBA', 'VIA T.  MORLINO 13', 'CESANA BRIANZA', 'MECCANICA', '2015-05-21 04:13:52', '2015-05-21 04:13:52', 12),
(220, 0, 'PIETRO', 'CORBETTA', 'CRBPTR96B15E507N', '1996-02-15', 'LECCO', 'CORSO PROMESSI SPOSI 24', 'LECCO', 'MECCANICA', '2015-05-21 04:13:52', '2015-05-21 04:13:52', 12),
(221, 0, 'FABIO', 'CORTI', 'CRTFBA96H05E507C', '1996-06-05', 'LECCO', 'VIA NUOVA PROVINCIALE, 4', 'CALCO', 'MECCANICA', '2015-05-21 04:13:52', '2015-05-21 04:13:52', 12),
(222, 0, 'MATTEO', 'DELLA FONTANA', 'DLLMTT98S04E507V', '1998-11-04', 'LECCO', 'VIA SEGANTINI, 36/2', 'MANDELLO DEL LARIO', 'MECCANICA', '2015-05-21 04:13:53', '2015-05-21 04:13:53', 12),
(223, 0, 'EMMANUELE MARIA', 'DI LIBERTO', 'DLBMNL97E18E507W', '1997-05-18', 'LECCO', 'VIA DON ALLIEVI, 19', 'COSTA MASNAGA', 'MECCANICA', '2015-05-21 04:13:53', '2015-05-21 04:13:53', 12),
(224, 0, 'PAOLO', 'MAGGI', 'MGGPLA97T09A794A', '1997-12-09', 'BERGAMO', 'VIA F. PETRARCA 26', 'MANDELLO DEL LARIO', 'MECCANICA', '2015-05-21 04:13:53', '2015-05-21 04:13:53', 12),
(225, 0, 'FRANCESCO', 'MAGNI', 'MGNFNC98E07F133L', '1998-05-07', 'MERATE', 'VIA VICOLO STRETTO, 3', 'PADERNO D''ADDA', 'MECCANICA', '2015-05-21 04:13:53', '2015-05-21 04:13:53', 12),
(226, 0, 'PAOLO', 'NAVA', 'NVAPLA98T02E507N', '1998-12-02', 'LECCO', 'VIA CROLLALANZA, 5', 'LECCO', 'MECCANICA', '2015-05-21 04:13:53', '2015-05-21 04:13:53', 12),
(227, 0, 'LUCA', 'RATTI', 'RTTLCU96C01E507N', '1996-03-01', 'LECCO', 'VICOLO CANONE,5', 'LECCO', 'MECCANICA', '2015-05-21 04:13:53', '2015-05-21 04:13:53', 12),
(228, 0, 'SIMONE', 'RAVASI', 'RVSSMN98E12E507M', '1998-05-12', 'LECCO', 'VIA G. MATTEOTTI, 1', 'VERDERIO INFERIORE', 'MECCANICA', '2015-05-21 04:13:53', '2015-05-21 04:13:53', 12),
(229, 0, 'MATTEO', 'RIGAMONTI', 'RGMMTT98R09D416H', '1998-10-09', 'ERBA', 'VIA TORINO, 2', 'GARBAGNATE MONASTERO', 'MECCANICA', '2015-05-21 04:13:53', '2015-05-21 04:13:53', 12),
(230, 0, 'RICCARDO', 'RIVA', 'RVIRCR98S11E507H', '1998-11-11', 'LECCO', 'VIA G. CARLO PUECHER N. 30', 'MOLTENO', 'MECCANICA', '2015-05-21 04:13:53', '2015-05-21 04:13:53', 12),
(231, 0, 'LEONARDO', 'BALOSSI', 'BLSLRD98M01E507W', '1998-08-01', 'LECCO', 'VIA STOPPANI, 2', 'MONTE MARENZO', 'ELETTROTECNICA', '2015-05-21 04:14:06', '2015-05-21 04:14:06', 13),
(232, 0, 'STEFANO', 'BARUFFALDI', 'BRFSFN98E08E507J', '1998-05-08', 'LECCO', 'VIA PROVINCIALE, 131', 'PRIMALUNA', 'ELETTROTECNICA', '2015-05-21 04:14:06', '2015-05-21 04:14:06', 13),
(233, 0, 'LUCA', 'BELLOLI', 'BLLLCU98P11F712I', '1998-09-11', 'MORBEGNO', 'VIA PER LEZZENO, 27', 'BELLANO', 'ELETTROTECNICA', '2015-05-21 04:14:06', '2015-05-21 04:14:06', 13),
(234, 0, 'ALESSANDRO', 'BRIVIO', 'BRVLSN98A28E507S', '1998-01-28', 'LECCO', 'VIA PAPA GIOVANNI XXIII, 3', 'MISSAGLIA', 'ELETTROTECNICA', '2015-05-21 04:14:06', '2015-05-21 04:14:06', 13),
(235, 0, 'ERIC', 'CHECUZ', 'CHCRCE96T24E507Z', '1996-12-24', 'LECCO', 'VIA ROMA 126/D', 'PESCATE', 'ELETTROTECNICA', '2015-05-21 04:14:06', '2015-05-21 04:14:06', 13),
(236, 0, 'DAVIDE', 'COLOMBO', 'CLMDVD98B19D416Z', '1998-02-19', 'ERBA', 'VIA PENASA N. 11', 'BOSISIO PARINI', 'ELETTROTECNICA', '2015-05-21 04:14:06', '2015-05-21 04:14:06', 13),
(237, 0, 'NICOLO''', 'COLOMBO', 'CLMNCL98E04E507O', '1998-05-04', 'LECCO', 'VIA PRATO DELLA SORTE, 5', 'MONTE MARENZO', 'ELETTROTECNICA', '2015-05-21 04:14:06', '2015-05-21 04:14:06', 13),
(238, 0, 'FABIO', 'CRIPPA', 'CRPFBA98R13E507F', '1998-10-13', 'LECCO', 'VIA NAZIONALE, 150/D', 'ABBADIA LARIANA', 'ELETTROTECNICA', '2015-05-21 04:14:06', '2015-05-21 04:14:06', 13),
(239, 0, 'MICHAEL', 'CRIPPA', 'CRPMHL98D27E507Y', '1998-04-27', 'LECCO', 'VIA MAZZINI, 11', 'TORRE DE'' BUSI', 'ELETTROTECNICA', '2015-05-21 04:14:06', '2015-05-21 04:14:06', 13),
(240, 0, 'NICOLO''', 'DOMENEGHETTI', 'DMNNCL98P06E507T', '1998-09-06', 'LECCO', 'FRAZIONE BIOSIO, 9', 'BELLANO', 'ELETTROTECNICA', '2015-05-21 04:14:06', '2015-05-21 04:14:06', 13),
(241, 0, 'ROBERTO MARIA', 'GHEZZI', 'GHZRRT98E09F704X', '1998-05-09', 'MONZA', 'VIA DEI CACCIATORI 6', 'MISSAGLIA', 'ELETTROTECNICA', '2015-05-21 04:14:06', '2015-05-21 04:14:06', 13),
(242, 0, 'STEFANO', 'GIARNIERI', 'GRNSFN96E15F133F', '1996-05-15', 'MERATE', 'VIA SANDRO PERTINI, 16', 'AIRUNO', 'ELETTROTECNICA', '2015-05-21 04:14:06', '2015-05-21 04:14:06', 13),
(243, 0, 'CRISTIAN', 'LIMONTA', 'LMNCST98P29F704Z', '1998-09-29', 'MONZA', 'VIA OLMO, 10', 'ROVAGNATE', 'ELETTROTECNICA', '2015-05-21 04:14:06', '2015-05-21 04:14:06', 13),
(244, 0, 'MATTIA', 'MAGNI', 'MGNMTT98L20F133K', '1998-07-20', 'MERATE', 'VIA RONCADA, 4', 'PEREGO', 'ELETTROTECNICA', '2015-05-21 04:14:06', '2015-05-21 04:14:06', 13),
(245, 0, 'SIMONE', 'MEZZELA', 'MZZSMN96S01E507G', '1996-11-01', 'LECCO', 'VIA MARSALA, 32', 'LECCO', 'ELETTROTECNICA', '2015-05-21 04:14:06', '2015-05-21 04:14:06', 13),
(246, 0, 'MICHELE', 'MEZZERA', 'MZZMHL98A28E507J', '1998-01-28', 'LECCO', 'VIA BOLDONI, 1', 'BELLANO', 'ELETTROTECNICA', '2015-05-21 04:14:06', '2015-05-21 04:14:06', 13),
(247, 0, 'PAOLO', 'PANZERI', 'PNZPLA98E08F133A', '1998-05-08', 'MERATE', 'VIA DON ARNABOLDI, 55', 'MERATE', 'ELETTROTECNICA', '2015-05-21 04:14:06', '2015-05-21 04:14:06', 13),
(248, 0, 'LUCA', 'PEREGO', 'PRGLCU98D19E507H', '1998-04-19', 'LECCO', 'VIA RISORGIMENTO, 1/BIS', 'S.MARIA HOE''', 'ELETTROTECNICA', '2015-05-21 04:14:06', '2015-05-21 04:14:06', 13),
(249, 0, 'MATTEO', 'PLATI', 'PLTMTT98A14E507R', '1998-01-14', 'LECCO', 'VIA NOCCOLI, 11', 'CREMENO', 'ELETTROTECNICA', '2015-05-21 04:14:06', '2015-05-21 04:14:06', 13),
(250, 0, 'CIRO', 'POLVERE', 'PLVCRI97R09I158B', '1997-10-09', 'SAN SEVERO', 'VIALE MONTEGRAPPA, 10', 'LECCO', 'ELETTROTECNICA', '2015-05-21 04:14:06', '2015-05-21 04:14:06', 13),
(251, 0, 'MATTEO', 'SECOMANDI', 'SCMMTT98T27E507R', '1998-12-27', 'LECCO', 'VIA E. FERMI, 1', 'TORRE DE'' BUSI', 'ELETTROTECNICA', '2015-05-21 04:14:06', '2015-05-21 04:14:06', 13),
(252, 0, 'LORENZO', 'SPIGA', 'SPGLNZ98D13E507U', '1998-04-13', 'LECCO', 'VIA L. DA VINCI, 27', 'CORTENOVA', 'ELETTROTECNICA', '2015-05-21 04:14:06', '2015-05-21 04:14:06', 13),
(253, 0, 'EMANUELE', 'SPINA', 'SPNMNL98E07E507X', '1998-05-07', 'LECCO', 'VIA VITTORIO VENETO, 8', 'SIRTORI', 'ELETTROTECNICA', '2015-05-21 04:14:06', '2015-05-21 04:14:06', 13),
(254, 0, 'FILIPPO', 'TAGLIAFERRI', 'TGLFPP98D24E507Y', '1998-04-24', 'LECCO', 'VIA NUOVA, 1', 'PAGNONA', 'ELETTROTECNICA', '2015-05-21 04:14:06', '2015-05-21 04:14:06', 13),
(255, 0, 'LUCA', 'TAVOLA', 'TVLLCU98R23F133G', '1998-10-23', 'MERATE', 'VIA MANZONI, 10', 'COLLE BRIANZA', 'ELETTROTECNICA', '2015-05-21 04:14:07', '2015-05-21 04:14:07', 13),
(256, 0, 'ANDREA', 'AMIGONI', 'MGNNDR98H17E507X', '1998-06-17', 'LECCO', 'P.ZZA SAN MICHELE, 2', 'CALOLZIOCORTE', 'INFORMATICA', '2015-05-21 04:14:47', '2015-05-21 04:14:47', 14),
(257, 0, 'MARCO', 'ANGHILERI', 'NGHMRC97A07E507P', '1997-01-07', 'LECCO', 'VIALE MONTEGRAPPA 41', 'LECCO', 'INFORMATICA', '2015-05-21 04:14:47', '2015-05-21 04:14:47', 14),
(258, 0, 'MARCO', 'BONALUMI', 'BNLMRC98D18E507Z', '1998-04-18', 'LECCO', 'V.LE CARSO, 16/A', 'PRIMALUNA', 'INFORMATICA', '2015-05-21 04:14:47', '2015-05-21 04:14:47', 14),
(259, 0, 'KEVIN PIER', 'CARVELLI ', 'CRVKNP98B07E507B', '1998-02-07', 'LECCO', 'LOC.. MOREGALLO-VIA MOREGGE, 31', 'MANDELLO DEL LARIO', 'INFORMATICA', '2015-05-21 04:14:47', '2015-05-21 04:14:47', 14),
(260, 0, 'DANIELE', 'COMMODARO', 'CMMDNL98L03E507N', '1998-07-03', 'LECCO', 'VIA PARTIGIANI, 90', 'LECCO', 'INFORMATICA', '2015-05-21 04:14:47', '2015-05-21 04:14:47', 14),
(261, 0, 'DAVIDE', 'CONFALONIERI', 'CNFDVD98R18E507I', '1998-10-18', 'LECCO', 'FRAZ. MOZZANA 4', 'GALBIATE', 'INFORMATICA', '2015-05-21 04:14:47', '2015-05-21 04:14:47', 14),
(262, 0, 'MATTIA', 'DEL PIZZO', 'DLPMTT98H22F952Z', '1998-06-22', 'NOVARA', 'VIA CAPODISTRIA, 39', 'LECCO', 'INFORMATICA', '2015-05-21 04:14:47', '2015-05-21 04:14:47', 14),
(263, 0, 'ANDREA', 'FASO', 'FSANDR97A05E507P', '1997-01-05', 'LECCO', 'VIA PLINIO,18', 'ERBA', 'INFORMATICA', '2015-05-21 04:14:47', '2015-05-21 04:14:47', 14),
(264, 0, 'STEFANO UMBERTO', 'FIERRO', 'FRRSFN97P07E507I', '1997-09-07', 'LECCO', 'VIA MALANOTTE, 1', 'CALOLZIOCORTE', 'INFORMATICA', '2015-05-21 04:14:48', '2015-05-21 04:14:48', 14),
(265, 0, 'FABRIZIO', 'FRIGERIO', 'FRGFRZ98E10E507B', '1998-05-10', 'LECCO', 'VIA ALESSANDRO VOLTA, 8', 'CALOLZIOCORTE', 'INFORMATICA', '2015-05-21 04:14:48', '2015-05-21 04:14:48', 14),
(266, 0, 'KENTO', 'ISSHIKI', 'SSHKNT98C16Z219Q', '1998-03-16', 'GIAPPONE', 'VIA E.TOTI,24', 'CALOLZIOCORTE', 'INFORMATICA', '2015-05-21 04:14:48', '2015-05-21 04:14:48', 14),
(267, 0, 'MOIN', 'KHAN', 'KHNMNO95E10Z249L', '1995-05-10', 'BANGLADESH', 'VIA MATTEOTTI,8/1', 'OGGIONO', 'INFORMATICA', '2015-05-21 04:14:48', '2015-05-21 04:14:48', 14),
(268, 0, 'PAOLO', 'LAQUIDARA', 'LQDPLA98M01E507X', '1998-08-01', 'LECCO', 'VIA MARIA SOLIANI, 7', 'BALLABIO', 'INFORMATICA', '2015-05-21 04:14:48', '2015-05-21 04:14:48', 14),
(269, 0, 'MATTIA', 'LOCATELLI', 'LCTMTT98M26E507H', '1998-08-26', 'LECCO', 'C.SO G.  MATTEOTTI, 53', 'LECCO', 'INFORMATICA', '2015-05-21 04:14:48', '2015-05-21 04:14:48', 14),
(270, 0, 'BRIAN MAINA', 'NDIRANGU COLOMBO', 'NDRBNM98H28E507J', '1998-06-28', 'LECCO', 'VIA E. MATTEI, 10', 'LECCO', 'INFORMATICA', '2015-05-21 04:14:48', '2015-05-21 04:14:48', 14),
(271, 0, 'LUCA', 'PERRI', 'PRRLCU98D11E507F', '1998-04-11', 'LECCO', 'VIA ITALIA, 21', 'VERCURAGO', 'INFORMATICA', '2015-05-21 04:14:48', '2015-05-21 04:14:48', 14),
(272, 0, 'DAVIDE', 'RIVA', 'RVIDVD98C17E507U', '1998-03-17', 'LECCO', 'VIA LECCO 55', 'GALBIATE', 'INFORMATICA', '2015-05-21 04:14:48', '2015-05-21 04:14:48', 14),
(273, 0, 'PIETRO', 'RIVA', 'RVIPTR98D18F704Z', '1998-04-18', 'MONZA', 'VIA S. AMBROGIO, 82', 'ROVAGNATE', 'INFORMATICA', '2015-05-21 04:14:48', '2015-05-21 04:14:48', 14),
(274, 0, 'SAMUELE', 'RIVA', 'RVISML98B26E507T', '1998-02-26', 'LECCO', 'VIA CASA PARADISO N. 2', 'MOLTENO', 'INFORMATICA', '2015-05-21 04:14:48', '2015-05-21 04:14:48', 14),
(275, 0, 'ANDREA', 'STEFANONI', 'STFNDR98P19D416H', '1998-09-19', 'ERBA', 'VIA PROVINCIALE 19', 'GARBAGNATE MONASTERO', 'INFORMATICA', '2015-05-21 04:14:48', '2015-05-21 04:14:48', 14),
(276, 0, 'CHRISTIAN', 'TUCCI', 'TCCCRS98H05D416G', '1998-06-05', 'ERBA', 'VIA SEGANTINI 6', 'PUSIANO', 'INFORMATICA', '2015-05-21 04:14:48', '2015-05-21 04:14:48', 14),
(277, 0, 'FRANCESCO', 'TUCCI', 'TCCFNC98H05D416F', '1998-06-05', 'ERBA', 'VIA SEGANTINI 6', 'PUSIANO', 'INFORMATICA', '2015-05-21 04:14:48', '2015-05-21 04:14:48', 14),
(278, 0, 'ALICE', 'AGAZZI', 'GZZLCA98T68E507Z', '1998-12-28', 'LECCO', 'VIA ALLA FOLLA 7', 'DERVIO', 'LICEO', '2015-05-21 04:14:57', '2015-05-21 04:14:57', 15),
(279, 0, 'VERONICA', 'ALBARELLI', 'LBRVNC98L66E507O', '1998-07-26', 'LECCO', 'VIA DIAZ 1', 'DERVIO', 'LICEO', '2015-05-21 04:14:57', '2015-05-21 04:14:57', 15),
(280, 0, 'LUCA', 'BONACINA', 'BNCLCU98L17E507J', '1998-07-17', 'LECCO', 'VIA LAVELLO, 13', 'CALOLZIOCORTE', 'LICEO', '2015-05-21 04:14:57', '2015-05-21 04:14:57', 15),
(281, 0, 'ANDREA', 'CARBONE', 'CRBNDR98P22F158X', '1998-09-22', 'MESSINA', 'C.SO MATTEOTTI N.9/G', 'LECCO', 'LICEO', '2015-05-21 04:14:57', '2015-05-21 04:14:57', 15),
(282, 0, 'GIOVANNI', 'CIRESA', 'CRSGNN97E11E507P', '1997-05-11', 'LECCO', 'V. ROMA 16', 'LIERNA', 'LICEO', '2015-05-21 04:14:57', '2015-05-21 04:14:57', 15),
(283, 0, 'ANDREA', 'COLOMBO', 'CLMNDR98R18E507G', '1998-10-18', 'LECCO', 'VIA DEL TORCHIO, 1', 'CIVATE', 'LICEO', '2015-05-21 04:14:57', '2015-05-21 04:14:57', 15),
(284, 0, 'SILVIA', 'CORTI', 'CRTSLV98E50E507B', '1998-05-10', 'LECCO', 'VIA VITTORIO VENETO,4', 'MALGRATE', 'LICEO', '2015-05-21 04:14:57', '2015-05-21 04:14:57', 15),
(285, 0, 'CLAUDIO', 'CORTIANA', 'CRTCLD98R03E507T', '1998-10-03', 'LECCO', 'VIA BOTTICELLI, 18', 'LECCO', 'LICEO', '2015-05-21 04:14:57', '2015-05-21 04:14:57', 15),
(286, 0, 'IVANO', 'CUNEGATTI', 'CNGVNI98H14F133X', '1998-06-14', 'MERATE', 'VIA ANNUNCIATA, 6', 'MERATE', 'LICEO', '2015-05-21 04:14:57', '2015-05-21 04:14:57', 15),
(287, 0, 'WILLIAM', 'DANZA', 'DNZWLM98B22E507V', '1998-02-22', 'LECCO', 'VIA LECCO, 8', 'BALLABIO', 'LICEO', '2015-05-21 04:14:57', '2015-05-21 04:14:57', 15),
(288, 0, 'GIONA', 'DONIZETTI', 'DNZGNI98E27E507M', '1998-05-27', 'LECCO', 'VIA VALSECCHI,114', 'LECCO', 'LICEO', '2015-05-21 04:14:57', '2015-05-21 04:14:57', 15),
(289, 0, 'NICOLO''', 'FONTANA', 'FNTNCL98A03E507K', '1998-01-03', 'LECCO', 'VIA BALICCO, 9', 'LECCO', 'LICEO', '2015-05-21 04:14:57', '2015-05-21 04:14:57', 15),
(290, 0, 'FEDERICA', 'FOTI', 'FTOFRC98M43H224J', '1998-08-03', 'REGGIO DI CALABRIA', 'VIA ROSMINI,2', 'LECCO', 'LICEO', '2015-05-21 04:14:57', '2015-05-21 04:14:57', 15),
(291, 0, 'MATTIA', 'GATTINONI', 'GTTMTT98P11E507E', '1998-09-11', 'LECCO', 'VIA AI RONCHI, 7', 'LECCO', 'LICEO', '2015-05-21 04:14:57', '2015-05-21 04:14:57', 15),
(292, 0, 'ANDREA', 'GEROSA', 'GRSNDR98C14E507D', '1998-03-14', 'LECCO', 'VIA CA'' NOVA 26', 'CIVATE', 'LICEO', '2015-05-21 04:14:57', '2015-05-21 04:14:57', 15),
(293, 0, 'SAMUELE', 'MAESTRONI', 'MSTSML98B04E507N', '1998-02-04', 'LECCO', 'VIA FRATELLI KENNEDY, 39', 'VALGREGHENTINO', 'LICEO', '2015-05-21 04:14:57', '2015-05-21 04:14:57', 15),
(294, 0, 'MICHELE', 'MOLGORA', 'MLGMHL98P29E507R', '1998-09-29', 'LECCO', 'VIA CHIARI, 15/A', 'VALMADRERA', 'LICEO', '2015-05-21 04:14:57', '2015-05-21 04:14:57', 15),
(295, 0, 'FRANCESCO', 'PEDRAZZOLI', 'PDRFNC99H06E507H', '1999-06-06', 'LECCO', 'VIA CONFALONIERI, 54', 'BALLABIO', 'LICEO', '2015-05-21 04:14:57', '2015-05-21 04:14:57', 15),
(296, 0, 'ALESSIO', 'RONDINI', 'RNDLSS98M18E507O', '1998-08-18', 'LECCO', 'VIA STOPPANI 579', 'GARLATE', 'LICEO', '2015-05-21 04:14:57', '2015-05-21 04:14:57', 15),
(297, 0, 'DAVIDE', 'RUSCONI', 'RSCDVD98E04E507Y', '1998-05-04', 'LECCO', 'VIA SAN ROCCO,9', 'VALMADRERA', 'LICEO', '2015-05-21 04:14:57', '2015-05-21 04:14:57', 15),
(298, 0, 'GAIA', 'RUSCONI', 'RSCGAI98H62E507H', '1998-06-22', 'LECCO', 'VIA CHIARI,67', 'VALMADRERA', 'LICEO', '2015-05-21 04:14:57', '2015-05-21 04:14:57', 15),
(299, 0, 'FRANCESCO', 'SOSTA', 'SSTFNC98R10E507O', '1998-10-10', 'LECCO', 'VIA VALSECCHI, 102', 'LECCO', 'LICEO', '2015-05-21 04:14:57', '2015-05-21 04:14:57', 15),
(300, 0, 'FABIO', 'TANGORRE', 'TNGFBA98B14F335K', '1998-02-14', 'MONCALIERI', 'VIA DEL RII,1', 'CIVATE', 'LICEO', '2015-05-21 04:14:58', '2015-05-21 04:14:58', 15),
(301, 0, 'LORENZO GIUSEPPE', 'TENTORI', 'TNTLNZ98D04Z602F', '1998-04-04', 'POXOREO', 'VIA CAVOUR, 19', 'CALOLZIOCORTE', 'LICEO', '2015-05-21 04:14:58', '2015-05-21 04:14:58', 15),
(302, 0, 'LIVIA', 'VALSECCHI', 'VLSLVI98L57E507V', '1998-07-17', 'LECCO', 'VIA FOPPE, 8/B', 'ERVE', 'LICEO', '2015-05-21 04:14:58', '2015-05-21 04:14:58', 15),
(303, 0, 'PIETRO', 'ANDREOTTI', 'NDRPTR98A07E507C', '1998-01-07', 'LECCO', 'VIA AI MOLINI, 34', 'LECCO', 'MECCANICA', '2015-05-21 04:15:14', '2015-05-21 04:15:14', 16),
(304, 0, 'MIRCO', 'BESANA', 'BSNMRC98R31D416Y', '1998-10-31', 'ERBA', 'VIA CARLO PORTA 3', 'BARZAGO', 'MECCANICA', '2015-05-21 04:15:14', '2015-05-21 04:15:14', 16),
(305, 0, 'MARCELLO', 'BESUTTI', 'BSTMCL98P10C933X', '1998-09-10', 'COMO', 'VIA ROMA, 46', 'BARZAGO', 'MECCANICA', '2015-05-21 04:15:14', '2015-05-21 04:15:14', 16),
(306, 0, 'MATTEO', 'BIANCHI', 'BNCMTT98B07E507N', '1998-02-07', 'LECCO', 'VIA G. D''ANNUNZIO, 8', 'OLGIATE MOLGORA', 'MECCANICA', '2015-05-21 04:15:14', '2015-05-21 04:15:14', 16),
(307, 0, 'LORENZO', 'BONOMELLI', 'BNMLNZ98E22B729R', '1998-05-22', 'CARATE BRIANZA', 'VIA PARINI 10', 'BULCIAGO', 'MECCANICA', '2015-05-21 04:15:14', '2015-05-21 04:15:14', 16),
(308, 0, 'MILO', 'CASIRAGHI', 'CSRMLI98A29D416G', '1998-01-29', 'ERBA', 'VIA CADORNA, 44', 'COSTA MASNAGA', 'MECCANICA', '2015-05-21 04:15:14', '2015-05-21 04:15:14', 16),
(309, 0, 'DANIELE', 'COLOMBO', 'CLMDNL98A30E507G', '1998-01-30', 'LECCO', 'VIA FILANDA, 18', 'MONTE MARENZO', 'MECCANICA', '2015-05-21 04:15:15', '2015-05-21 04:15:15', 16),
(310, 0, 'GUGLIELMO', 'COLOMBO', 'CLMGLL98B14F133F', '1998-02-14', 'MERATE', 'VIA C. PORTA, 8', 'S.MARIA HOE''', 'MECCANICA', '2015-05-21 04:15:15', '2015-05-21 04:15:15', 16),
(311, 0, 'GIORGIO', 'DI DATO', 'DDTGRG97D12E507P', '1997-04-12', 'LECCO', 'V. AL BELLANO, 20', 'MANDELLO DEL LARIO', 'MECCANICA', '2015-05-21 04:15:15', '2015-05-21 04:15:15', 16),
(312, 0, 'DANIELE', 'FUMAGALLI', 'FMGDNL98C27E507F', '1998-03-27', 'LECCO', 'VIA DALLA CHIESA, 10', 'ROGENO', 'MECCANICA', '2015-05-21 04:15:15', '2015-05-21 04:15:15', 16),
(313, 0, 'ALESSIO', 'GIANOLA', 'GNLLSS98H24E507I', '1998-06-24', 'LECCO', 'VIA ROMA, 59', 'PREMANA', 'MECCANICA', '2015-05-21 04:15:15', '2015-05-21 04:15:15', 16),
(314, 0, 'LUCA', 'MILANI', 'MLNLCU97H12E507O', '1997-06-12', 'LECCO', 'VIA AI POGGI 58/C', 'LECCO', 'MECCANICA', '2015-05-21 04:15:15', '2015-05-21 04:15:15', 16),
(315, 0, 'FRANCESCO', 'MORGANTI', 'MRGFNC97T20D416U', '1997-12-20', 'ERBA', 'VIA DEI MILLE, 2', 'CISANO BERGAMASCO', 'MECCANICA', '2015-05-21 04:15:15', '2015-05-21 04:15:15', 16),
(316, 0, 'SAMUELE', 'RADAELLI', 'RDLSML98P08E507R', '1998-09-08', 'LECCO', 'VIA  MILANO, 18', 'OLGINATE', 'MECCANICA', '2015-05-21 04:15:15', '2015-05-21 04:15:15', 16),
(317, 0, 'MARCO', 'SALIERNO', 'SLRMRC98P01E507P', '1998-09-01', 'LECCO', 'VIA GRIGNE, 1/C', 'VERCURAGO', 'MECCANICA', '2015-05-21 04:15:15', '2015-05-21 04:15:15', 16);
INSERT INTO `studenti` (`id`, `matricola`, `nome`, `cognome`, `CF`, `dataNascita`, `comuneNascita`, `indirizzo`, `comuneResidenza`, `articolazione`, `created_at`, `updated_at`, `classe_id`) VALUES
(318, 0, 'DAVIDE', 'SELVA', 'SLVDVD98B10F133R', '1998-02-10', 'MERATE', 'VIA G. PARINI N.5', 'CESANA BRIANZA', 'MECCANICA', '2015-05-21 04:15:15', '2015-05-21 04:15:15', 16),
(319, 0, 'GIULIO', 'SIRONI', 'SRNGLI99A06C933Q', '1999-01-06', 'COMO', 'VIA PORTANEA 25', 'BULCIAGO', 'MECCANICA', '2015-05-21 04:15:15', '2015-05-21 04:15:15', 16),
(320, 0, 'MASSIMILIANO', 'TERRANEO', 'TRRMSM98S28M052E', '1998-11-28', 'VIMERCATE', 'VIA G. DI VITTORIO, 7', 'CASSAGO BRIANZA', 'MECCANICA', '2015-05-21 04:15:15', '2015-05-21 04:15:15', 16),
(321, 0, 'ANDREA', 'VERGOTTINI', 'VRGNDR97E22E507B', '1997-05-22', 'LECCO', 'VIA S. GIOVANNI BOSCO, 1', 'MANDELLO DEL LARIO', 'MECCANICA', '2015-05-21 04:15:15', '2015-05-21 04:15:15', 16),
(322, 0, 'EZIO', 'VINOGRADOV', 'VNGZEI98B02E507S', '1998-02-02', 'LECCO', 'V.LE CARSO, 21', 'PRIMALUNA', 'MECCANICA', '2015-05-21 04:15:15', '2015-05-21 04:15:15', 16),
(323, 0, 'MATTEO', 'AUSTONI', 'STNMTT98C24E507T', '1998-03-24', 'LECCO', 'VIA CALCHERA, 77/A', 'GARLATE', 'MECCANICA', '2015-05-21 04:15:25', '2015-05-21 04:15:25', 17),
(324, 0, 'PIETRO', 'BOSELLI', 'BSLPTR97H25E507G', '1997-06-25', 'LECCO', 'VIA CERSCERA, 14/D', 'CIVATE', 'MECCANICA', '2015-05-21 04:15:25', '2015-05-21 04:15:25', 17),
(325, 0, 'THOMAS', 'BUZZETTI', 'BZZTMS98L04E507X', '1998-07-04', 'LECCO', 'VIA MASSIMO D''AZEGLIO,12', 'BALLABIO', 'MECCANICA', '2015-05-21 04:15:25', '2015-05-21 04:15:25', 17),
(326, 0, 'SEBASTIANO SILVIO EN', 'DEL DUCA', 'DLDSST98M07F133X', '1998-08-07', 'MERATE', 'VIA ROMA, 14', 'ERVE', 'MECCANICA', '2015-05-21 04:15:25', '2015-05-21 04:15:25', 17),
(327, 0, 'MATTEO', 'DELL''ORO', 'DLLMTT98S06E507B', '1998-11-06', 'LECCO', 'VIA CALCHERA,37/B', 'GARLATE', 'MECCANICA', '2015-05-21 04:15:25', '2015-05-21 04:15:25', 17),
(328, 0, 'MATTIA', 'FASOLI', 'FSLMTT98P30E507U', '1998-09-30', 'LECCO', 'VIA LUINI, 2', 'MANDELLO DEL LARIO', 'MECCANICA', '2015-05-21 04:15:25', '2015-05-21 04:15:25', 17),
(329, 0, 'SIMONE', 'FERRARETTO', 'FRRSMN98C02D416Y', '1998-03-02', 'ERBA', 'VIA  PUCCINI 12', 'CESANA BRIANZA', 'MECCANICA', '2015-05-21 04:15:25', '2015-05-21 04:15:25', 17),
(330, 0, 'SIMONE', 'FIGINI', 'FGNSMN98L08E507S', '1998-07-08', 'LECCO', 'VIA SS. COSMA E DAMIANO, 70/E', 'CALOLZIOCORTE', 'MECCANICA', '2015-05-21 04:15:25', '2015-05-21 04:15:25', 17),
(331, 0, 'MATTEO', 'FILIGURA', 'FLGMTT98E21D416W', '1998-05-21', 'ERBA', 'VIA DE GASPERI 8A', 'NIBIONNO', 'MECCANICA', '2015-05-21 04:15:25', '2015-05-21 04:15:25', 17),
(332, 0, 'ALESSANDRO', 'FUMAGALLI', 'FMGLSN97B15E507W', '1997-02-15', 'LECCO', 'VIA RIVOLTA,1', 'LECCO', 'MECCANICA', '2015-05-21 04:15:25', '2015-05-21 04:15:25', 17),
(333, 0, 'LORENZO', 'GATTICO', 'GTTLNZ98A14I577H', '1998-01-14', 'SEGRATE', 'VIA GARIBALDI 52', 'MISSAGLIA', 'MECCANICA', '2015-05-21 04:15:25', '2015-05-21 04:15:25', 17),
(334, 0, 'LORENZO', 'GNECCHI', 'GNCLNZ98T23E507T', '1998-12-23', 'LECCO', 'C.SO BERGAMO, 87', 'LECCO', 'MECCANICA', '2015-05-21 04:15:26', '2015-05-21 04:15:26', 17),
(335, 0, 'LUCA', 'MILANI', 'MLNLCU98L03E507D', '1998-07-03', 'LECCO', 'VIA FAVIRANO, 7/A', 'TORRE DE'' BUSI', 'MECCANICA', '2015-05-21 04:15:26', '2015-05-21 04:15:26', 17),
(336, 0, 'VITTORIO', 'PASQUIN', 'PSQVTR98T08E507T', '1998-12-08', 'LECCO', 'VIA MUGIASCO, 5', 'LIERNA', 'MECCANICA', '2015-05-21 04:15:26', '2015-05-21 04:15:26', 17),
(337, 0, 'MATTIA', 'PASSERINI', 'PSSMTT98P08E507H', '1998-09-08', 'LECCO', 'VIA CARIOLE, 21', 'PASTURO', 'MECCANICA', '2015-05-21 04:15:26', '2015-05-21 04:15:26', 17),
(338, 0, 'CRISTIAN', 'PLATTI', 'PLTCST98C14E507J', '1998-03-14', 'LECCO', 'VIA ROMA, 29', 'PASTURO', 'MECCANICA', '2015-05-21 04:15:26', '2015-05-21 04:15:26', 17),
(339, 0, 'CATALIN CLAUDIU', 'POP', 'PPOCLN98P20Z129B', '1998-09-20', 'NEGRESTI -OAS', 'VIA G. GARIBALDI, 117', 'MISSAGLIA', 'MECCANICA', '2015-05-21 04:15:26', '2015-05-21 04:15:26', 17),
(340, 0, 'DAVIDE', 'RIVA', 'RVIDVD98L03F133P', '1998-07-03', 'MERATE', 'VIA PAPA GIOVANNI XXIII, 36', 'PESCATE', 'MECCANICA', '2015-05-21 04:15:26', '2015-05-21 04:15:26', 17),
(341, 0, 'ALESSANDRO MARIA', 'TOGNAZZI', 'TGNLSN98T05F205Z', '1998-12-05', 'MILANO', 'VIA PRIVATA MAZZET, 23', 'CREMENO', 'MECCANICA', '2015-05-21 04:15:26', '2015-05-21 04:15:26', 17),
(342, 0, 'GIANLUCA', 'VALSECCHI', 'VLSGLC97C18D416W', '1997-03-18', 'ERBA', 'VICOLO  G. GARIBALIDI 5', 'PUSIANO', 'MECCANICA', '2015-05-21 04:15:26', '2015-05-21 04:15:26', 17),
(343, 0, 'DAVIDE', 'VISCONTI', 'VSCDVD98L11E507N', '1998-07-11', 'LECCO', 'VIA PRATO DELLA SORTE, 7', 'MONTE MARENZO', 'MECCANICA', '2015-05-21 04:15:26', '2015-05-21 04:15:26', 17),
(344, 0, 'ANDREA', 'ARCHETTI', 'RCHNDR98M14E507Z', '1998-08-14', 'LECCO', 'VIA SANTA MARIA,,46/A', 'OLGINATE', 'TELECOMUNICAZIONI', '2015-05-21 04:16:00', '2015-05-21 04:16:00', 18),
(345, 0, 'DAMIANO', 'BONFANTI', 'BNFDMN98D25E507P', '1998-04-25', 'LECCO', 'VIA PIAVE, 5/A', 'OLGIATE MOLGORA', 'TELECOMUNICAZIONI', '2015-05-21 04:16:00', '2015-05-21 04:16:00', 18),
(346, 0, 'GIULIO', 'BOSISIO', 'BSSGLI98B14D416L', '1998-02-14', 'ERBA', 'VIA DON STURZO,20', 'GALBIATE', 'TELECOMUNICAZIONI', '2015-05-21 04:16:00', '2015-05-21 04:16:00', 18),
(347, 0, 'MARTIN', 'BROSSA', 'BRSMTN97L28E507Z', '1997-07-28', 'LECCO', 'VIA F.LLI CALVI, 10', 'CALOLZIOCORTE', 'TELECOMUNICAZIONI', '2015-05-21 04:16:00', '2015-05-21 04:16:00', 18),
(348, 0, 'EDOARDO DAVIDE', 'CASATI', 'CSTDDD98S26F133T', '1998-11-26', 'MERATE', 'VIA PIAVE, 29', 'ROBBIATE', 'TELECOMUNICAZIONI', '2015-05-21 04:16:00', '2015-05-21 04:16:00', 18),
(349, 0, 'ROBERTA', 'CIRESA', 'CRSRRT98L71E507W', '1998-07-31', 'LECCO', 'VIA E. FERMI, 32', 'CREMENO', 'TELECOMUNICAZIONI', '2015-05-21 04:16:00', '2015-05-21 04:16:00', 18),
(350, 0, 'LUCA', 'DONIZETTI', 'DNZLCU98R18E507O', '1998-10-18', 'LECCO', 'VIA C. CATTANEO 51', 'MANDELLO DEL LARIO', 'TELECOMUNICAZIONI', '2015-05-21 04:16:00', '2015-05-21 04:16:00', 18),
(351, 0, 'NICOLE', 'FONTANA', 'FNTNCL98P66E507A', '1998-09-26', 'LECCO', 'VIA PAPA GIOVANNI XXIII, 5', 'MONTE MARENZO', 'TELECOMUNICAZIONI', '2015-05-21 04:16:00', '2015-05-21 04:16:00', 18),
(352, 0, 'ANDREA', 'FRANZANTE', 'FRNNDR98C03E507G', '1998-03-03', 'LECCO', 'VIA LEOPARDI, 23', 'LECCO', 'TELECOMUNICAZIONI', '2015-05-21 04:16:00', '2015-05-21 04:16:00', 18),
(353, 0, 'ANDREA', 'GADDI', 'GDDNDR98L22E507G', '1998-07-22', 'LECCO', 'VIA DEI MONTI 18', 'MANDELLO DEL LARIO', 'TELECOMUNICAZIONI', '2015-05-21 04:16:00', '2015-05-21 04:16:00', 18),
(354, 0, 'FEDERICO', 'GELMI', 'GLMFRC98E15E151Q', '1998-05-15', 'GRAVEDONA', 'VIA LA FABBRICA, 6', 'COLICO', 'TELECOMUNICAZIONI', '2015-05-21 04:16:00', '2015-05-21 04:16:00', 18),
(355, 0, 'JAISON', 'LAZZARI', 'LZZJSN98T30E507L', '1998-12-30', 'LECCO', 'VIA VILLAGGIO GIARDINO, 4', 'BELLANO', 'TELECOMUNICAZIONI', '2015-05-21 04:16:00', '2015-05-21 04:16:00', 18),
(356, 0, 'NICOLAS', 'LIGUORI', 'LGRNLS98C16E507H', '1998-03-16', 'LECCO', 'VIA CAMPAGNOLA,18', 'OLGINATE', 'TELECOMUNICAZIONI', '2015-05-21 04:16:00', '2015-05-21 04:16:00', 18),
(357, 0, 'GIOVANNI', 'MALUGANI', 'MLGGNN98B13E507Y', '1998-02-13', 'LECCO', 'VIA FABIO FILZI, 4', 'CORTENOVA', 'TELECOMUNICAZIONI', '2015-05-21 04:16:00', '2015-05-21 04:16:00', 18),
(358, 0, 'GUGLIELMO DANIELE', 'MAZZESI', 'MZZGLL97E16F133Z', '1997-05-16', 'MERATE', 'VIA TRONCHERA DI MEZZO,8/A', 'CISANO BERGAMASCO', 'TELECOMUNICAZIONI', '2015-05-21 04:16:00', '2015-05-21 04:16:00', 18),
(359, 0, 'EDY GIOVANNA', 'MONETA', 'MNTDGV98M67E507G', '1998-08-27', 'LECCO', 'P.ZZA IV NOVEMBRE, 8/BIS', 'PRIMALUNA', 'TELECOMUNICAZIONI', '2015-05-21 04:16:00', '2015-05-21 04:16:00', 18),
(360, 0, 'MATTIA', 'ORIO', 'ROIMTT98E10F205T', '1998-05-10', 'MILANO', 'FRAZIONE OMBRIACO, 99/A', 'BELLANO', 'TELECOMUNICAZIONI', '2015-05-21 04:16:00', '2015-05-21 04:16:00', 18),
(361, 0, 'DARIO', 'PAGLIARO', 'PGLDRA97T29F133A', '1997-12-29', 'MERATE', 'VIA MIRASOLE, 105', 'OLGIATE MOLGORA', 'TELECOMUNICAZIONI', '2015-05-21 04:16:00', '2015-05-21 04:16:00', 18),
(362, 0, 'PAOLO', 'PAPINI', 'PPNPLA97E28E507T', '1997-05-28', 'LECCO', 'VIA PADRI SERVITI 21', 'CALOLZIOCORTE', 'TELECOMUNICAZIONI', '2015-05-21 04:16:00', '2015-05-21 04:16:00', 18),
(363, 0, 'KEVIN', 'PARISI', 'PRSKVN98R12Z112J', '1998-10-12', 'STOCCARDA', 'VIA SCEREGALLI, 7', 'INTROBIO', 'TELECOMUNICAZIONI', '2015-05-21 04:16:00', '2015-05-21 04:16:00', 18),
(364, 0, 'PAOLO', 'REDAELLI', 'RDLPLA98D19D416Q', '1998-04-19', 'ERBA', 'VIA ROSSI N. 21', 'SUELLO', 'TELECOMUNICAZIONI', '2015-05-21 04:16:00', '2015-05-21 04:16:00', 18),
(365, 0, 'LUCA', 'ROTA STABELLI', 'RTSLCU98H11E507A', '1998-06-11', 'LECCO', 'VIA P. MARONCELLI, 12', 'LECCO', 'TELECOMUNICAZIONI', '2015-05-21 04:16:00', '2015-05-21 04:16:00', 18),
(366, 0, 'MATTIA', 'SCOZZAFAVA', 'SCZMTT98P22E507Z', '1998-09-22', 'LECCO', 'VIA DELLA LIBERTA'' , 47', 'LIERNA', 'TELECOMUNICAZIONI', '2015-05-21 04:16:01', '2015-05-21 04:16:01', 18),
(367, 0, 'VINCENZO', 'TRIMARCHI', 'TRMVCN98A26G856Y', '1998-01-26', 'PONTE SAN PIETRO', 'VIA NAZIONALE, 175/B', 'ABBADIA LARIANA', 'TELECOMUNICAZIONI', '2015-05-21 04:16:01', '2015-05-21 04:16:01', 18),
(368, 0, 'ALESSANDRO', 'VIGANO''', 'VGNLSN98L02E507O', '1998-07-02', 'LECCO', 'VIA DUCALE, 11', 'LIERNA', 'TELECOMUNICAZIONI', '2015-05-21 04:16:01', '2015-05-21 04:16:01', 18),
(369, 0, 'LUCA STEFANO', 'ZACCANTI', 'ZCCLST98D13F205J', '1998-04-13', 'MILANO', 'VIA MULINO, 10', 'CARENNO', 'TELECOMUNICAZIONI', '2015-05-21 04:16:01', '2015-05-21 04:16:01', 18);

-- --------------------------------------------------------

--
-- Struttura della tabella `tutorScuola`
--

CREATE TABLE IF NOT EXISTS `tutorScuola` (
  `id` int(10) unsigned NOT NULL AUTO_INCREMENT,
  `nome` varchar(255) COLLATE utf8_unicode_ci NOT NULL,
  `cognome` varchar(255) COLLATE utf8_unicode_ci NOT NULL,
  `telefono` int(11) NOT NULL,
  `cellulare` int(11) NOT NULL,
  `email` varchar(255) COLLATE utf8_unicode_ci NOT NULL,
  `created_at` timestamp NOT NULL DEFAULT '0000-00-00 00:00:00',
  `updated_at` timestamp NOT NULL DEFAULT '0000-00-00 00:00:00',
  PRIMARY KEY (`id`)
) ENGINE=InnoDB  DEFAULT CHARSET=utf8 COLLATE=utf8_unicode_ci AUTO_INCREMENT=18 ;

--
-- Dump dei dati per la tabella `tutorScuola`
--

INSERT INTO `tutorScuola` (`id`, `nome`, `cognome`, `telefono`, `cellulare`, `email`, `created_at`, `updated_at`) VALUES
(3, 'Valerio', 'Sala', 0, 0, '0', '0000-00-00 00:00:00', '0000-00-00 00:00:00'),
(4, 'Sara', 'Giorgi', 0, 0, '0', '0000-00-00 00:00:00', '0000-00-00 00:00:00'),
(7, 'Virginia', 'Bacchini', 0, 0, '0', '0000-00-00 00:00:00', '0000-00-00 00:00:00'),
(9, 'Silvia', 'Galasso', 0, 0, '0', '0000-00-00 00:00:00', '0000-00-00 00:00:00'),
(10, 'Matteo', 'Feliciello', 0, 0, '0', '0000-00-00 00:00:00', '0000-00-00 00:00:00'),
(11, 'Sergio', 'Chiavatti', 0, 0, '0', '0000-00-00 00:00:00', '0000-00-00 00:00:00'),
(12, 'Antonio', 'Muccino', 0, 0, '0', '0000-00-00 00:00:00', '0000-00-00 00:00:00'),
(13, 'Gianfranco', 'Redaelli', 0, 0, '0', '0000-00-00 00:00:00', '0000-00-00 00:00:00'),
(14, 'Francesco', 'Uricchio', 0, 0, '0', '0000-00-00 00:00:00', '0000-00-00 00:00:00'),
(15, 'Paolo', 'Achler', 0, 0, '0', '0000-00-00 00:00:00', '0000-00-00 00:00:00'),
(16, 'Vincenza', 'Apicella', 0, 0, '0', '0000-00-00 00:00:00', '0000-00-00 00:00:00'),
(17, 'Sara', 'Sacchi', 0, 0, '0', '0000-00-00 00:00:00', '0000-00-00 00:00:00');

--
-- Limiti per le tabelle scaricate
--

--
-- Limiti per la tabella `partecipazione_stage`
--
ALTER TABLE `partecipazione_stage`
  ADD CONSTRAINT `partecipazione_stage_stage_id_foreign` FOREIGN KEY (`stage_id`) REFERENCES `stage` (`id`),
  ADD CONSTRAINT `partecipazione_stage_studente_id_foreign` FOREIGN KEY (`studente_id`) REFERENCES `studenti` (`id`);

--
-- Limiti per la tabella `periodi`
--
ALTER TABLE `periodi`
  ADD CONSTRAINT `periodi_partecipazione_stage_id_foreign` FOREIGN KEY (`partecipazione_stage_id`) REFERENCES `partecipazione_stage` (`id`);

--
-- Limiti per la tabella `stage`
--
ALTER TABLE `stage`
  ADD CONSTRAINT `stage_azienda_id_foreign` FOREIGN KEY (`azienda_id`) REFERENCES `aziende` (`id`),
  ADD CONSTRAINT `stage_tutor_scuola_id_foreign` FOREIGN KEY (`tutor_scuola_id`) REFERENCES `tutorScuola` (`id`);

--
-- Limiti per la tabella `studenti`
--
ALTER TABLE `studenti`
  ADD CONSTRAINT `studenti_classe_id_foreign` FOREIGN KEY (`classe_id`) REFERENCES `classi` (`id`);

/*!40101 SET CHARACTER_SET_CLIENT=@OLD_CHARACTER_SET_CLIENT */;
/*!40101 SET CHARACTER_SET_RESULTS=@OLD_CHARACTER_SET_RESULTS */;
/*!40101 SET COLLATION_CONNECTION=@OLD_COLLATION_CONNECTION */;
